﻿<!DOCTYPE ObjectContainer>
<Container>
   <BaseObject><Key>
  <Table Name="DialogTag" Display="VeriClouds CredVerify" Key="CCC-79DAC2742779FC4F93A7C9F1EDDDF921">
    <Prop Name="UID_DialogTag">
      <Value>CCC-79DAC2742779FC4F93A7C9F1EDDDF921</Value>
    </Prop>
  </Table>
</Key></BaseObject>
   <DeleteResiduals>true</DeleteResiduals>
   <Relations>
      <Relation Table="DialogTaggedItem" Column="UID_DialogTag" Direction="Both" />
      <Relation Table="QBMTaggedChange" Column="UID_DialogTag" Direction="Both" />
   </Relations>
   <DbObjects>
      <DbObject Display="VeriClouds CredVerify" Version="2">
         <Key>
            <Table Name="DialogTag" Display="VeriClouds CredVerify" Key="CCC-79DAC2742779FC4F93A7C9F1EDDDF921">
               <Prop Name="UID_DialogTag">
                  <Value>CCC-79DAC2742779FC4F93A7C9F1EDDDF921</Value>
               </Prop>
            </Table>
         </Key>
         <Columns>
            <Column Name="Commentary">
               <Value />
            </Column>
            <Column Name="CurrentState">
               <Value />
            </Column>
            <Column Name="CurrentStateRemarks">
               <Value />
            </Column>
            <Column Name="Description" Display="Password validation script and sample calls against CredVerify API from VeriClouds to check if a password is compromised.">
               <Value>Password validation script and sample calls against CredVerify API from VeriClouds to check if a password is compromised.</Value>
            </Column>
            <Column Name="Ident_DialogTag" Display="VeriClouds CredVerify">
               <Value>VeriClouds CredVerify</Value>
            </Column>
            <Column Name="IsClosed" Display="False">
               <Value>False</Value>
            </Column>
            <Column Name="SortOrder">
               <Value />
            </Column>
            <Column Name="TagType" Display="Change">
               <Value>CHANGE</Value>
            </Column>
            <Column Name="UID_DialogTag" Display="CCC-79DAC2742779FC4F93A7C9F1EDDDF921">
               <Value>CCC-79DAC2742779FC4F93A7C9F1EDDDF921</Value>
            </Column>
            <Column Name="UID_DialogTagParent">
               <Value />
            </Column>
            <Column Name="XDateInserted" Display="6/21/2019 11:45:33 AM">
               <Value>2019-06-21T09:45:33.9900000Z</Value>
            </Column>
            <Column Name="XDateUpdated" Display="6/21/2019 11:49:05 AM">
               <Value>2019-06-21T09:49:05.1300000Z</Value>
            </Column>
            <Column Name="XMarkedForDeletion">
               <Value>0</Value>
            </Column>
            <Column Name="XObjectKey" Display="&lt;Key&gt;&lt;T&gt;DialogTag&lt;/T&gt;&lt;P&gt;CCC-79DAC2742779FC4F93A7C9F1EDDDF921&lt;/P&gt;&lt;/Key&gt;">
               <Value>&lt;Key&gt;&lt;T&gt;DialogTag&lt;/T&gt;&lt;P&gt;CCC-79DAC2742779FC4F93A7C9F1EDDDF921&lt;/P&gt;&lt;/Key&gt;</Value>
            </Column>
            <Column Name="XTouched">
               <Value />
            </Column>
            <Column Name="XUserInserted" Display="PROD\mweisseh">
               <Value>PROD\mweisseh</Value>
            </Column>
            <Column Name="XUserUpdated" Display="viadmin">
               <Value>viadmin</Value>
            </Column>
         </Columns>
      </DbObject>
      <DbObject Display="CCC-79DAC2742779FC4F93A7C9F1EDDDF921 - &lt;Key&gt;&lt;T&gt;DialogConfigParm&lt;/T&gt;&lt;P&gt;CCC-2BCA4DAC06BB2F4893F923D893C577EE&lt;/P&gt;&lt;/Key&gt;" Version="2">
         <Key>
            <Table Name="QBMTaggedChange" Display="CCC-79DAC2742779FC4F93A7C9F1EDDDF921 - &lt;Key&gt;&lt;T&gt;DialogConfigParm&lt;/T&gt;&lt;P&gt;CCC-2BCA4DAC06BB2F4893F923D893C577EE&lt;/P&gt;&lt;/Key&gt;" Key="CCC-9C259E61BDCDF24787C1AE983A77F288">
               <Prop Name="UID_QBMTaggedChange">
                  <Value>CCC-9C259E61BDCDF24787C1AE983A77F288</Value>
               </Prop>
            </Table>
         </Key>
         <Columns>
            <Column Name="ChangeContent" Display="&lt;DbObject Display=&quot;Custom\credVerify\APISecret&quot; Version=&quot;2&quot;&gt;&#xD;&#xA;  &lt;Key&gt;&#xD;&#xA;    &lt;Table Name=&quot;DialogConfigParm&quot; Display=&quot;Custom\credVerify\APISecret&quot; Key=&quot;CCC-2BCA4DAC06BB2F4893F923D893C577EE&quot;&gt;&#xD;&#xA;      &lt;Prop Name=&quot;UID_ConfigParm&quot;&gt;&#xD;&#xA;        &lt;Value&gt;CCC-2BCA4DAC06BB2F4893F923D893C577EE&lt;/Value&gt;&#xD;&#xA;      &lt;/Prop&gt;&#xD;&#xA;    &lt;/Table&gt;&#xD;&#xA;  &lt;/Key&gt;&#xD;&#xA;  &lt;Columns&gt;&#xD;&#xA;    &lt;Column Name=&quot;ConfigParm&quot; Display=&quot;APISecret&quot;&gt;&#xD;&#xA;      &lt;Value&gt;APISecret&lt;/Value&gt;&#xD;&#xA;    &lt;/Column&gt;&#xD;&#xA;    &lt;Column Name=&quot;Description&quot;&gt;&#xD;&#xA;      &lt;Value&gt;&lt;/Value&gt;&#xD;&#xA;    &lt;/Column&gt;&#xD;&#xA;    &lt;Column Name=&quot;DisplayName&quot; Display=&quot;API Secret&quot;&gt;&#xD;&#xA;      &lt;Value&gt;API Secret&lt;/Value&gt;&#xD;&#xA;    &lt;/Column&gt;&#xD;&#xA;    &lt;Column Name=&quot;Enabled&quot; Display=&quot;True&quot;&gt;&#xD;&#xA;      &lt;Value&gt;True&lt;/Value&gt;&#xD;&#xA;    &lt;/Column&gt;&#xD;&#xA;    &lt;Column Name=&quot;FullPath&quot; Display=&quot;Custom\credVerify\APISecret&quot;&gt;&#xD;&#xA;      &lt;Value&gt;Custom\credVerify\APISecret&lt;/Value&gt;&#xD;&#xA;    &lt;/Column&gt;&#xD;&#xA;    &lt;Column Name=&quot;IsCrypted&quot; Display=&quot;False&quot;&gt;&#xD;&#xA;      &lt;Value&gt;False&lt;/Value&gt;&#xD;&#xA;    &lt;/Column&gt;&#xD;&#xA;    &lt;Column Name=&quot;IsPreprocessorCondition&quot; Display=&quot;False&quot;&gt;&#xD;&#xA;      &lt;Value&gt;False&lt;/Value&gt;&#xD;&#xA;    &lt;/Column&gt;&#xD;&#xA;    &lt;Column Name=&quot;SortOrder&quot; Display=&quot;0&quot;&gt;&#xD;&#xA;      &lt;Value&gt;0&lt;/Value&gt;&#xD;&#xA;    &lt;/Column&gt;&#xD;&#xA;    &lt;Column Name=&quot;UID_ConfigParm&quot; Display=&quot;CCC-2BCA4DAC06BB2F4893F923D893C577EE&quot;&gt;&#xD;&#xA;      &lt;Value&gt;CCC-2BCA4DAC06BB2F4893F923D893C577EE&lt;/Value&gt;&#xD;&#xA;    &lt;/Column&gt;&#xD;&#xA;    &lt;Column Name=&quot;UID_ParentConfigparm&quot; Display=&quot;Custom\credVerify&quot;&gt;&#xD;&#xA;      &lt;Key&gt;&#xD;&#xA;        &lt;Table Name=&quot;DialogConfigParm&quot; Display=&quot;Custom\credVerify&quot; Key=&quot;CCC-9C9BEF928A079B4EAA8FB7791260B822&quot;&gt;&#xD;&#xA;          &lt;Prop Name=&quot;UID_ConfigParm&quot;&gt;&#xD;&#xA;            &lt;Value&gt;CCC-9C9BEF928A079B4EAA8FB7791260B822&lt;/Value&gt;&#xD;&#xA;          &lt;/Prop&gt;&#xD;&#xA;        &lt;/Table&gt;&#xD;&#xA;      &lt;/Key&gt;&#xD;&#xA;    &lt;/Column&gt;&#xD;&#xA;    &lt;Column Name=&quot;UID_QBMClrTypeEditor&quot;&gt;&#xD;&#xA;      &lt;Value&gt;&lt;/Value&gt;&#xD;&#xA;    &lt;/Column&gt;&#xD;&#xA;    &lt;Column Name=&quot;Value&quot; Display=&quot;&amp;lt;YOUR API SECRET&amp;gt;&quot;&gt;&#xD;&#xA;      &lt;Value&gt;&amp;lt;YOUR API SECRET&amp;gt;&lt;/Value&gt;&#xD;&#xA;    &lt;/Column&gt;&#xD;&#xA;    &lt;Column Name=&quot;XDateInserted&quot; Display=&quot;6/24/2019 12:37:45 PM&quot;&gt;&#xD;&#xA;      &lt;Value&gt;2019-06-24T10:37:45.7530000Z&lt;/Value&gt;&#xD;&#xA;    &lt;/Column&gt;&#xD;&#xA;    &lt;Column Name=&quot;XDateUpdated&quot; Display=&quot;6/24/2019 12:37:45 PM&quot;&gt;&#xD;&#xA;      &lt;Value&gt;2019-06-24T10:37:45.7530000Z&lt;/Value&gt;&#xD;&#xA;    &lt;/Column&gt;&#xD;&#xA;    &lt;Column Name=&quot;XMarkedForDeletion&quot;&gt;&#xD;&#xA;      &lt;Value&gt;0&lt;/Value&gt;&#xD;&#xA;    &lt;/Column&gt;&#xD;&#xA;    &lt;Column Name=&quot;XObjectKey&quot; Display=&quot;&amp;lt;Key&amp;gt;&amp;lt;T&amp;gt;DialogConfigParm&amp;lt;/T&amp;gt;&amp;lt;P&amp;gt;CCC-2BCA4DAC06BB2F4893F923D893C577EE&amp;lt;/P&amp;gt;&amp;lt;/Key&amp;gt;&quot;&gt;&#xD;&#xA;      &lt;Value&gt;&amp;lt;Key&amp;gt;&amp;lt;T&amp;gt;DialogConfigParm&amp;lt;/T&amp;gt;&amp;lt;P&amp;gt;CCC-2BCA4DAC06BB2F4893F923D893C577EE&amp;lt;/P&amp;gt;&amp;lt;/Key&amp;gt;&lt;/Value&gt;&#xD;&#xA;    &lt;/Column&gt;&#xD;&#xA;    &lt;Column Name=&quot;XTouched&quot;&gt;&#xD;&#xA;      &lt;Value&gt;&lt;/Value&gt;&#xD;&#xA;    &lt;/Column&gt;&#xD;&#xA;    &lt;Column Name=&quot;XUserInserted&quot; Display=&quot;viadmin&quot;&gt;&#xD;&#xA;      &lt;Value&gt;viadmin&lt;/Value&gt;&#xD;&#xA;    &lt;/Column&gt;&#xD;&#xA;    &lt;Column Name=&quot;XUserUpdated&quot; Display=&quot;viadmin&quot;&gt;&#xD;&#xA;      &lt;Value&gt;viadmin&lt;/Value&gt;&#xD;&#xA;    &lt;/Column&gt;&#xD;&#xA;  &lt;/Columns&gt;&#xD;&#xA;&lt;/DbObject&gt;">
               <Value>&lt;DbObject Display="Custom\credVerify\APISecret" Version="2"&gt;
  &lt;Key&gt;
    &lt;Table Name="DialogConfigParm" Display="Custom\credVerify\APISecret" Key="CCC-2BCA4DAC06BB2F4893F923D893C577EE"&gt;
      &lt;Prop Name="UID_ConfigParm"&gt;
        &lt;Value&gt;CCC-2BCA4DAC06BB2F4893F923D893C577EE&lt;/Value&gt;
      &lt;/Prop&gt;
    &lt;/Table&gt;
  &lt;/Key&gt;
  &lt;Columns&gt;
    &lt;Column Name="ConfigParm" Display="APISecret"&gt;
      &lt;Value&gt;APISecret&lt;/Value&gt;
    &lt;/Column&gt;
    &lt;Column Name="Description"&gt;
      &lt;Value&gt;&lt;/Value&gt;
    &lt;/Column&gt;
    &lt;Column Name="DisplayName" Display="API Secret"&gt;
      &lt;Value&gt;API Secret&lt;/Value&gt;
    &lt;/Column&gt;
    &lt;Column Name="Enabled" Display="True"&gt;
      &lt;Value&gt;True&lt;/Value&gt;
    &lt;/Column&gt;
    &lt;Column Name="FullPath" Display="Custom\credVerify\APISecret"&gt;
      &lt;Value&gt;Custom\credVerify\APISecret&lt;/Value&gt;
    &lt;/Column&gt;
    &lt;Column Name="IsCrypted" Display="False"&gt;
      &lt;Value&gt;False&lt;/Value&gt;
    &lt;/Column&gt;
    &lt;Column Name="IsPreprocessorCondition" Display="False"&gt;
      &lt;Value&gt;False&lt;/Value&gt;
    &lt;/Column&gt;
    &lt;Column Name="SortOrder" Display="0"&gt;
      &lt;Value&gt;0&lt;/Value&gt;
    &lt;/Column&gt;
    &lt;Column Name="UID_ConfigParm" Display="CCC-2BCA4DAC06BB2F4893F923D893C577EE"&gt;
      &lt;Value&gt;CCC-2BCA4DAC06BB2F4893F923D893C577EE&lt;/Value&gt;
    &lt;/Column&gt;
    &lt;Column Name="UID_ParentConfigparm" Display="Custom\credVerify"&gt;
      &lt;Key&gt;
        &lt;Table Name="DialogConfigParm" Display="Custom\credVerify" Key="CCC-9C9BEF928A079B4EAA8FB7791260B822"&gt;
          &lt;Prop Name="UID_ConfigParm"&gt;
            &lt;Value&gt;CCC-9C9BEF928A079B4EAA8FB7791260B822&lt;/Value&gt;
          &lt;/Prop&gt;
        &lt;/Table&gt;
      &lt;/Key&gt;
    &lt;/Column&gt;
    &lt;Column Name="UID_QBMClrTypeEditor"&gt;
      &lt;Value&gt;&lt;/Value&gt;
    &lt;/Column&gt;
    &lt;Column Name="Value" Display="&amp;lt;YOUR API SECRET&amp;gt;"&gt;
      &lt;Value&gt;&amp;lt;YOUR API SECRET&amp;gt;&lt;/Value&gt;
    &lt;/Column&gt;
    &lt;Column Name="XDateInserted" Display="6/24/2019 12:37:45 PM"&gt;
      &lt;Value&gt;2019-06-24T10:37:45.7530000Z&lt;/Value&gt;
    &lt;/Column&gt;
    &lt;Column Name="XDateUpdated" Display="6/24/2019 12:37:45 PM"&gt;
      &lt;Value&gt;2019-06-24T10:37:45.7530000Z&lt;/Value&gt;
    &lt;/Column&gt;
    &lt;Column Name="XMarkedForDeletion"&gt;
      &lt;Value&gt;0&lt;/Value&gt;
    &lt;/Column&gt;
    &lt;Column Name="XObjectKey" Display="&amp;lt;Key&amp;gt;&amp;lt;T&amp;gt;DialogConfigParm&amp;lt;/T&amp;gt;&amp;lt;P&amp;gt;CCC-2BCA4DAC06BB2F4893F923D893C577EE&amp;lt;/P&amp;gt;&amp;lt;/Key&amp;gt;"&gt;
      &lt;Value&gt;&amp;lt;Key&amp;gt;&amp;lt;T&amp;gt;DialogConfigParm&amp;lt;/T&amp;gt;&amp;lt;P&amp;gt;CCC-2BCA4DAC06BB2F4893F923D893C577EE&amp;lt;/P&amp;gt;&amp;lt;/Key&amp;gt;&lt;/Value&gt;
    &lt;/Column&gt;
    &lt;Column Name="XTouched"&gt;
      &lt;Value&gt;&lt;/Value&gt;
    &lt;/Column&gt;
    &lt;Column Name="XUserInserted" Display="viadmin"&gt;
      &lt;Value&gt;viadmin&lt;/Value&gt;
    &lt;/Column&gt;
    &lt;Column Name="XUserUpdated" Display="viadmin"&gt;
      &lt;Value&gt;viadmin&lt;/Value&gt;
    &lt;/Column&gt;
  &lt;/Columns&gt;
&lt;/DbObject&gt;</Value>
            </Column>
            <Column Name="ObjectKey" Display="&lt;Key&gt;&lt;T&gt;DialogConfigParm&lt;/T&gt;&lt;P&gt;CCC-2BCA4DAC06BB2F4893F923D893C577EE&lt;/P&gt;&lt;/Key&gt;">
               <Value>&lt;Key&gt;&lt;T&gt;DialogConfigParm&lt;/T&gt;&lt;P&gt;CCC-2BCA4DAC06BB2F4893F923D893C577EE&lt;/P&gt;&lt;/Key&gt;</Value>
            </Column>
            <Column Name="SortOrder" Display="1833793000308746">
               <Value>1833793000308746</Value>
            </Column>
            <Column Name="UID_DialogTag" Display="CCC-79DAC2742779FC4F93A7C9F1EDDDF921">
               <Key>
                  <Table Name="DialogTag" Display="VeriClouds CredVerify" Key="CCC-79DAC2742779FC4F93A7C9F1EDDDF921">
                     <Prop Name="UID_DialogTag">
                        <Value>CCC-79DAC2742779FC4F93A7C9F1EDDDF921</Value>
                     </Prop>
                  </Table>
               </Key>
            </Column>
            <Column Name="UID_QBMTaggedChange" Display="CCC-9C259E61BDCDF24787C1AE983A77F288">
               <Value>CCC-9C259E61BDCDF24787C1AE983A77F288</Value>
            </Column>
            <Column Name="XDateInserted" Display="6/24/2019 12:42:03 PM">
               <Value>2019-06-24T10:42:03.0800000Z</Value>
            </Column>
            <Column Name="XDateUpdated" Display="6/24/2019 12:42:03 PM">
               <Value>2019-06-24T10:42:03.0800000Z</Value>
            </Column>
            <Column Name="XMarkedForDeletion">
               <Value>0</Value>
            </Column>
            <Column Name="XObjectKey" Display="&lt;Key&gt;&lt;T&gt;QBMTaggedChange&lt;/T&gt;&lt;P&gt;CCC-9C259E61BDCDF24787C1AE983A77F288&lt;/P&gt;&lt;/Key&gt;">
               <Value>&lt;Key&gt;&lt;T&gt;QBMTaggedChange&lt;/T&gt;&lt;P&gt;CCC-9C259E61BDCDF24787C1AE983A77F288&lt;/P&gt;&lt;/Key&gt;</Value>
            </Column>
            <Column Name="XTouched">
               <Value />
            </Column>
            <Column Name="XUserInserted" Display="viadmin">
               <Value>viadmin</Value>
            </Column>
            <Column Name="XUserUpdated" Display="viadmin">
               <Value>viadmin</Value>
            </Column>
         </Columns>
      </DbObject>
      <DbObject Display="CCC-79DAC2742779FC4F93A7C9F1EDDDF921 - &lt;Key&gt;&lt;T&gt;DialogConfigParm&lt;/T&gt;&lt;P&gt;CCC-9C9BEF928A079B4EAA8FB7791260B822&lt;/P&gt;&lt;/Key&gt;" Version="2">
         <Key>
            <Table Name="QBMTaggedChange" Display="CCC-79DAC2742779FC4F93A7C9F1EDDDF921 - &lt;Key&gt;&lt;T&gt;DialogConfigParm&lt;/T&gt;&lt;P&gt;CCC-9C9BEF928A079B4EAA8FB7791260B822&lt;/P&gt;&lt;/Key&gt;" Key="CCC-E5E52141F2AF854F876E456C667C9FA6">
               <Prop Name="UID_QBMTaggedChange">
                  <Value>CCC-E5E52141F2AF854F876E456C667C9FA6</Value>
               </Prop>
            </Table>
         </Key>
         <Columns>
            <Column Name="ChangeContent" Display="&lt;DbObjects&gt;&#xD;&#xA;  &lt;DbObject Display=&quot;Custom\credVerify&quot; Version=&quot;2&quot;&gt;&#xD;&#xA;    &lt;Key&gt;&#xD;&#xA;      &lt;Table Name=&quot;DialogConfigParm&quot; Display=&quot;Custom\credVerify&quot; Key=&quot;CCC-9C9BEF928A079B4EAA8FB7791260B822&quot;&gt;&#xD;&#xA;        &lt;Prop Name=&quot;UID_ConfigParm&quot;&gt;&#xD;&#xA;          &lt;Value&gt;CCC-9C9BEF928A079B4EAA8FB7791260B822&lt;/Value&gt;&#xD;&#xA;        &lt;/Prop&gt;&#xD;&#xA;      &lt;/Table&gt;&#xD;&#xA;    &lt;/Key&gt;&#xD;&#xA;    &lt;Columns&gt;&#xD;&#xA;      &lt;Column Name=&quot;ConfigParm&quot; Display=&quot;credVerify&quot;&gt;&#xD;&#xA;        &lt;Value&gt;credVerify&lt;/Value&gt;&#xD;&#xA;      &lt;/Column&gt;&#xD;&#xA;      &lt;Column Name=&quot;Description&quot;&gt;&#xD;&#xA;        &lt;Value&gt;&lt;/Value&gt;&#xD;&#xA;      &lt;/Column&gt;&#xD;&#xA;      &lt;Column Name=&quot;DisplayName&quot;&gt;&#xD;&#xA;        &lt;Value&gt;&lt;/Value&gt;&#xD;&#xA;      &lt;/Column&gt;&#xD;&#xA;      &lt;Column Name=&quot;Enabled&quot; Display=&quot;True&quot;&gt;&#xD;&#xA;        &lt;Value&gt;True&lt;/Value&gt;&#xD;&#xA;      &lt;/Column&gt;&#xD;&#xA;      &lt;Column Name=&quot;FullPath&quot; Display=&quot;Custom\credVerify&quot;&gt;&#xD;&#xA;        &lt;Value&gt;Custom\credVerify&lt;/Value&gt;&#xD;&#xA;      &lt;/Column&gt;&#xD;&#xA;      &lt;Column Name=&quot;IsCrypted&quot; Display=&quot;False&quot;&gt;&#xD;&#xA;        &lt;Value&gt;False&lt;/Value&gt;&#xD;&#xA;      &lt;/Column&gt;&#xD;&#xA;      &lt;Column Name=&quot;IsPreprocessorCondition&quot; Display=&quot;False&quot;&gt;&#xD;&#xA;        &lt;Value&gt;False&lt;/Value&gt;&#xD;&#xA;      &lt;/Column&gt;&#xD;&#xA;      &lt;Column Name=&quot;SortOrder&quot; Display=&quot;0&quot;&gt;&#xD;&#xA;        &lt;Value&gt;0&lt;/Value&gt;&#xD;&#xA;      &lt;/Column&gt;&#xD;&#xA;      &lt;Column Name=&quot;UID_ConfigParm&quot; Display=&quot;CCC-9C9BEF928A079B4EAA8FB7791260B822&quot;&gt;&#xD;&#xA;        &lt;Value&gt;CCC-9C9BEF928A079B4EAA8FB7791260B822&lt;/Value&gt;&#xD;&#xA;      &lt;/Column&gt;&#xD;&#xA;      &lt;Column Name=&quot;UID_ParentConfigparm&quot; Display=&quot;Custom&quot;&gt;&#xD;&#xA;        &lt;Key&gt;&#xD;&#xA;          &lt;Table Name=&quot;DialogConfigParm&quot; Display=&quot;Custom&quot; Key=&quot;QBM-2806300B23BB40C5963B7A221AE3D639&quot;&gt;&#xD;&#xA;            &lt;Prop Name=&quot;UID_ConfigParm&quot;&gt;&#xD;&#xA;              &lt;Value&gt;QBM-2806300B23BB40C5963B7A221AE3D639&lt;/Value&gt;&#xD;&#xA;            &lt;/Prop&gt;&#xD;&#xA;          &lt;/Table&gt;&#xD;&#xA;        &lt;/Key&gt;&#xD;&#xA;      &lt;/Column&gt;&#xD;&#xA;      &lt;Column Name=&quot;UID_QBMClrTypeEditor&quot;&gt;&#xD;&#xA;        &lt;Value&gt;&lt;/Value&gt;&#xD;&#xA;      &lt;/Column&gt;&#xD;&#xA;      &lt;Column Name=&quot;Value&quot; Display=&quot;1&quot;&gt;&#xD;&#xA;        &lt;Value&gt;1&lt;/Value&gt;&#xD;&#xA;      &lt;/Column&gt;&#xD;&#xA;      &lt;Column Name=&quot;XDateInserted&quot; Display=&quot;6/24/2019 12:37:45 PM&quot;&gt;&#xD;&#xA;        &lt;Value&gt;2019-06-24T10:37:45.6730000Z&lt;/Value&gt;&#xD;&#xA;      &lt;/Column&gt;&#xD;&#xA;      &lt;Column Name=&quot;XDateUpdated&quot; Display=&quot;6/24/2019 12:37:45 PM&quot;&gt;&#xD;&#xA;        &lt;Value&gt;2019-06-24T10:37:45.6730000Z&lt;/Value&gt;&#xD;&#xA;      &lt;/Column&gt;&#xD;&#xA;      &lt;Column Name=&quot;XMarkedForDeletion&quot;&gt;&#xD;&#xA;        &lt;Value&gt;0&lt;/Value&gt;&#xD;&#xA;      &lt;/Column&gt;&#xD;&#xA;      &lt;Column Name=&quot;XObjectKey&quot; Display=&quot;&amp;lt;Key&amp;gt;&amp;lt;T&amp;gt;DialogConfigParm&amp;lt;/T&amp;gt;&amp;lt;P&amp;gt;CCC-9C9BEF928A079B4EAA8FB7791260B822&amp;lt;/P&amp;gt;&amp;lt;/Key&amp;gt;&quot;&gt;&#xD;&#xA;        &lt;Value&gt;&amp;lt;Key&amp;gt;&amp;lt;T&amp;gt;DialogConfigParm&amp;lt;/T&amp;gt;&amp;lt;P&amp;gt;CCC-9C9BEF928A079B4EAA8FB7791260B822&amp;lt;/P&amp;gt;&amp;lt;/Key&amp;gt;&lt;/Value&gt;&#xD;&#xA;      &lt;/Column&gt;&#xD;&#xA;      &lt;Column Name=&quot;XTouched&quot;&gt;&#xD;&#xA;        &lt;Value&gt;&lt;/Value&gt;&#xD;&#xA;      &lt;/Column&gt;&#xD;&#xA;      &lt;Column Name=&quot;XUserInserted&quot; Display=&quot;viadmin&quot;&gt;&#xD;&#xA;        &lt;Value&gt;viadmin&lt;/Value&gt;&#xD;&#xA;      &lt;/Column&gt;&#xD;&#xA;      &lt;Column Name=&quot;XUserUpdated&quot; Display=&quot;viadmin&quot;&gt;&#xD;&#xA;        &lt;Value&gt;viadmin&lt;/Value&gt;&#xD;&#xA;      &lt;/Column&gt;&#xD;&#xA;    &lt;/Columns&gt;&#xD;&#xA;  &lt;/DbObject&gt;&#xD;&#xA;  &lt;DbObject Display=&quot;Custom\credVerify\APIKey&quot; Version=&quot;2&quot;&gt;&#xD;&#xA;    &lt;Key&gt;&#xD;&#xA;      &lt;Table Name=&quot;DialogConfigParm&quot; Display=&quot;Custom\credVerify\APIKey&quot; Key=&quot;CCC-DF5D8E95E9FE56429EA676C8A63ECB65&quot;&gt;&#xD;&#xA;        &lt;Prop Name=&quot;UID_ConfigParm&quot;&gt;&#xD;&#xA;          &lt;Value&gt;CCC-DF5D8E95E9FE56429EA676C8A63ECB65&lt;/Value&gt;&#xD;&#xA;        &lt;/Prop&gt;&#xD;&#xA;      &lt;/Table&gt;&#xD;&#xA;    &lt;/Key&gt;&#xD;&#xA;    &lt;Columns&gt;&#xD;&#xA;      &lt;Column Name=&quot;ConfigParm&quot; Display=&quot;APIKey&quot;&gt;&#xD;&#xA;        &lt;Value&gt;APIKey&lt;/Value&gt;&#xD;&#xA;      &lt;/Column&gt;&#xD;&#xA;      &lt;Column Name=&quot;Description&quot;&gt;&#xD;&#xA;        &lt;Value&gt;&lt;/Value&gt;&#xD;&#xA;      &lt;/Column&gt;&#xD;&#xA;      &lt;Column Name=&quot;DisplayName&quot; Display=&quot;API Key&quot;&gt;&#xD;&#xA;        &lt;Value&gt;API Key&lt;/Value&gt;&#xD;&#xA;      &lt;/Column&gt;&#xD;&#xA;      &lt;Column Name=&quot;Enabled&quot; Display=&quot;True&quot;&gt;&#xD;&#xA;        &lt;Value&gt;True&lt;/Value&gt;&#xD;&#xA;      &lt;/Column&gt;&#xD;&#xA;      &lt;Column Name=&quot;FullPath&quot; Display=&quot;Custom\credVerify\APIKey&quot;&gt;&#xD;&#xA;        &lt;Value&gt;Custom\credVerify\APIKey&lt;/Value&gt;&#xD;&#xA;      &lt;/Column&gt;&#xD;&#xA;      &lt;Column Name=&quot;IsCrypted&quot; Display=&quot;False&quot;&gt;&#xD;&#xA;        &lt;Value&gt;False&lt;/Value&gt;&#xD;&#xA;      &lt;/Column&gt;&#xD;&#xA;      &lt;Column Name=&quot;IsPreprocessorCondition&quot; Display=&quot;False&quot;&gt;&#xD;&#xA;        &lt;Value&gt;False&lt;/Value&gt;&#xD;&#xA;      &lt;/Column&gt;&#xD;&#xA;      &lt;Column Name=&quot;SortOrder&quot; Display=&quot;0&quot;&gt;&#xD;&#xA;        &lt;Value&gt;0&lt;/Value&gt;&#xD;&#xA;      &lt;/Column&gt;&#xD;&#xA;      &lt;Column Name=&quot;UID_ConfigParm&quot; Display=&quot;CCC-DF5D8E95E9FE56429EA676C8A63ECB65&quot;&gt;&#xD;&#xA;        &lt;Value&gt;CCC-DF5D8E95E9FE56429EA676C8A63ECB65&lt;/Value&gt;&#xD;&#xA;      &lt;/Column&gt;&#xD;&#xA;      &lt;Column Name=&quot;UID_ParentConfigparm&quot; Display=&quot;CCC-9C9BEF928A079B4EAA8FB7791260B822&quot;&gt;&#xD;&#xA;        &lt;Key&gt;&#xD;&#xA;          &lt;Table Name=&quot;DialogConfigParm&quot; Display=&quot;Custom\credVerify&quot; Key=&quot;CCC-9C9BEF928A079B4EAA8FB7791260B822&quot;&gt;&#xD;&#xA;            &lt;Prop Name=&quot;UID_ConfigParm&quot;&gt;&#xD;&#xA;              &lt;Value&gt;CCC-9C9BEF928A079B4EAA8FB7791260B822&lt;/Value&gt;&#xD;&#xA;            &lt;/Prop&gt;&#xD;&#xA;          &lt;/Table&gt;&#xD;&#xA;        &lt;/Key&gt;&#xD;&#xA;      &lt;/Column&gt;&#xD;&#xA;      &lt;Column Name=&quot;UID_QBMClrTypeEditor&quot;&gt;&#xD;&#xA;        &lt;Value&gt;&lt;/Value&gt;&#xD;&#xA;      &lt;/Column&gt;&#xD;&#xA;      &lt;Column Name=&quot;Value&quot; Display=&quot;&amp;lt;YOUR API KEY&amp;gt;&quot;&gt;&#xD;&#xA;        &lt;Value&gt;&amp;lt;YOUR API KEY&amp;gt;&lt;/Value&gt;&#xD;&#xA;      &lt;/Column&gt;&#xD;&#xA;      &lt;Column Name=&quot;XDateInserted&quot; Display=&quot;6/24/2019 12:37:45 PM&quot;&gt;&#xD;&#xA;        &lt;Value&gt;2019-06-24T10:37:45.7370000Z&lt;/Value&gt;&#xD;&#xA;      &lt;/Column&gt;&#xD;&#xA;      &lt;Column Name=&quot;XDateUpdated&quot; Display=&quot;6/24/2019 12:37:45 PM&quot;&gt;&#xD;&#xA;        &lt;Value&gt;2019-06-24T10:37:45.7700000Z&lt;/Value&gt;&#xD;&#xA;      &lt;/Column&gt;&#xD;&#xA;      &lt;Column Name=&quot;XMarkedForDeletion&quot;&gt;&#xD;&#xA;        &lt;Value&gt;0&lt;/Value&gt;&#xD;&#xA;      &lt;/Column&gt;&#xD;&#xA;      &lt;Column Name=&quot;XObjectKey&quot; Display=&quot;&amp;lt;Key&amp;gt;&amp;lt;T&amp;gt;DialogConfigParm&amp;lt;/T&amp;gt;&amp;lt;P&amp;gt;CCC-DF5D8E95E9FE56429EA676C8A63ECB65&amp;lt;/P&amp;gt;&amp;lt;/Key&amp;gt;&quot;&gt;&#xD;&#xA;        &lt;Value&gt;&amp;lt;Key&amp;gt;&amp;lt;T&amp;gt;DialogConfigParm&amp;lt;/T&amp;gt;&amp;lt;P&amp;gt;CCC-DF5D8E95E9FE56429EA676C8A63ECB65&amp;lt;/P&amp;gt;&amp;lt;/Key&amp;gt;&lt;/Value&gt;&#xD;&#xA;      &lt;/Column&gt;&#xD;&#xA;      &lt;Column Name=&quot;XTouched&quot;&gt;&#xD;&#xA;        &lt;Value&gt;&lt;/Value&gt;&#xD;&#xA;      &lt;/Column&gt;&#xD;&#xA;      &lt;Column Name=&quot;XUserInserted&quot; Display=&quot;viadmin&quot;&gt;&#xD;&#xA;        &lt;Value&gt;viadmin&lt;/Value&gt;&#xD;&#xA;      &lt;/Column&gt;&#xD;&#xA;      &lt;Column Name=&quot;XUserUpdated&quot; Display=&quot;viadmin&quot;&gt;&#xD;&#xA;        &lt;Value&gt;viadmin&lt;/Value&gt;&#xD;&#xA;      &lt;/Column&gt;&#xD;&#xA;    &lt;/Columns&gt;&#xD;&#xA;  &lt;/DbObject&gt;&#xD;&#xA;  &lt;DbObject Display=&quot;Custom\credVerify\APISecret&quot; Version=&quot;2&quot;&gt;&#xD;&#xA;    &lt;Key&gt;&#xD;&#xA;      &lt;Table Name=&quot;DialogConfigParm&quot; Display=&quot;Custom\credVerify\APISecret&quot; Key=&quot;CCC-2BCA4DAC06BB2F4893F923D893C577EE&quot;&gt;&#xD;&#xA;        &lt;Prop Name=&quot;UID_ConfigParm&quot;&gt;&#xD;&#xA;          &lt;Value&gt;CCC-2BCA4DAC06BB2F4893F923D893C577EE&lt;/Value&gt;&#xD;&#xA;        &lt;/Prop&gt;&#xD;&#xA;      &lt;/Table&gt;&#xD;&#xA;    &lt;/Key&gt;&#xD;&#xA;    &lt;Columns&gt;&#xD;&#xA;      &lt;Column Name=&quot;ConfigParm&quot; Display=&quot;APISecret&quot;&gt;&#xD;&#xA;        &lt;Value&gt;APISecret&lt;/Value&gt;&#xD;&#xA;      &lt;/Column&gt;&#xD;&#xA;      &lt;Column Name=&quot;Description&quot;&gt;&#xD;&#xA;        &lt;Value&gt;&lt;/Value&gt;&#xD;&#xA;      &lt;/Column&gt;&#xD;&#xA;      &lt;Column Name=&quot;DisplayName&quot; Display=&quot;API Secret&quot;&gt;&#xD;&#xA;        &lt;Value&gt;API Secret&lt;/Value&gt;&#xD;&#xA;      &lt;/Column&gt;&#xD;&#xA;      &lt;Column Name=&quot;Enabled&quot; Display=&quot;True&quot;&gt;&#xD;&#xA;        &lt;Value&gt;True&lt;/Value&gt;&#xD;&#xA;      &lt;/Column&gt;&#xD;&#xA;      &lt;Column Name=&quot;FullPath&quot; Display=&quot;Custom\credVerify\APISecret&quot;&gt;&#xD;&#xA;        &lt;Value&gt;Custom\credVerify\APISecret&lt;/Value&gt;&#xD;&#xA;      &lt;/Column&gt;&#xD;&#xA;      &lt;Column Name=&quot;IsCrypted&quot; Display=&quot;False&quot;&gt;&#xD;&#xA;        &lt;Value&gt;False&lt;/Value&gt;&#xD;&#xA;      &lt;/Column&gt;&#xD;&#xA;      &lt;Column Name=&quot;IsPreprocessorCondition&quot; Display=&quot;False&quot;&gt;&#xD;&#xA;        &lt;Value&gt;False&lt;/Value&gt;&#xD;&#xA;      &lt;/Column&gt;&#xD;&#xA;      &lt;Column Name=&quot;SortOrder&quot; Display=&quot;0&quot;&gt;&#xD;&#xA;        &lt;Value&gt;0&lt;/Value&gt;&#xD;&#xA;      &lt;/Column&gt;&#xD;&#xA;      &lt;Column Name=&quot;UID_ConfigParm&quot; Display=&quot;CCC-2BCA4DAC06BB2F4893F923D893C577EE&quot;&gt;&#xD;&#xA;        &lt;Value&gt;CCC-2BCA4DAC06BB2F4893F923D893C577EE&lt;/Value&gt;&#xD;&#xA;      &lt;/Column&gt;&#xD;&#xA;      &lt;Column Name=&quot;UID_ParentConfigparm&quot; Display=&quot;CCC-9C9BEF928A079B4EAA8FB7791260B822&quot;&gt;&#xD;&#xA;        &lt;Key&gt;&#xD;&#xA;          &lt;Table Name=&quot;DialogConfigParm&quot; Display=&quot;Custom\credVerify&quot; Key=&quot;CCC-9C9BEF928A079B4EAA8FB7791260B822&quot;&gt;&#xD;&#xA;            &lt;Prop Name=&quot;UID_ConfigParm&quot;&gt;&#xD;&#xA;              &lt;Value&gt;CCC-9C9BEF928A079B4EAA8FB7791260B822&lt;/Value&gt;&#xD;&#xA;            &lt;/Prop&gt;&#xD;&#xA;          &lt;/Table&gt;&#xD;&#xA;        &lt;/Key&gt;&#xD;&#xA;      &lt;/Column&gt;&#xD;&#xA;      &lt;Column Name=&quot;UID_QBMClrTypeEditor&quot;&gt;&#xD;&#xA;        &lt;Value&gt;&lt;/Value&gt;&#xD;&#xA;      &lt;/Column&gt;&#xD;&#xA;      &lt;Column Name=&quot;Value&quot; Display=&quot;&amp;lt;YOUR API SECRET&amp;gt;&quot;&gt;&#xD;&#xA;        &lt;Value&gt;&amp;lt;YOUR API SECRET&amp;gt;&lt;/Value&gt;&#xD;&#xA;      &lt;/Column&gt;&#xD;&#xA;      &lt;Column Name=&quot;XDateInserted&quot; Display=&quot;6/24/2019 12:37:45 PM&quot;&gt;&#xD;&#xA;        &lt;Value&gt;2019-06-24T10:37:45.7530000Z&lt;/Value&gt;&#xD;&#xA;      &lt;/Column&gt;&#xD;&#xA;      &lt;Column Name=&quot;XDateUpdated&quot; Display=&quot;6/24/2019 12:37:45 PM&quot;&gt;&#xD;&#xA;        &lt;Value&gt;2019-06-24T10:37:45.7530000Z&lt;/Value&gt;&#xD;&#xA;      &lt;/Column&gt;&#xD;&#xA;      &lt;Column Name=&quot;XMarkedForDeletion&quot;&gt;&#xD;&#xA;        &lt;Value&gt;0&lt;/Value&gt;&#xD;&#xA;      &lt;/Column&gt;&#xD;&#xA;      &lt;Column Name=&quot;XObjectKey&quot; Display=&quot;&amp;lt;Key&amp;gt;&amp;lt;T&amp;gt;DialogConfigParm&amp;lt;/T&amp;gt;&amp;lt;P&amp;gt;CCC-2BCA4DAC06BB2F4893F923D893C577EE&amp;lt;/P&amp;gt;&amp;lt;/Key&amp;gt;&quot;&gt;&#xD;&#xA;        &lt;Value&gt;&amp;lt;Key&amp;gt;&amp;lt;T&amp;gt;DialogConfigParm&amp;lt;/T&amp;gt;&amp;lt;P&amp;gt;CCC-2BCA4DAC06BB2F4893F923D893C577EE&amp;lt;/P&amp;gt;&amp;lt;/Key&amp;gt;&lt;/Value&gt;&#xD;&#xA;      &lt;/Column&gt;&#xD;&#xA;      &lt;Column Name=&quot;XTouched&quot;&gt;&#xD;&#xA;        &lt;Value&gt;&lt;/Value&gt;&#xD;&#xA;      &lt;/Column&gt;&#xD;&#xA;      &lt;Column Name=&quot;XUserInserted&quot; Display=&quot;viadmin&quot;&gt;&#xD;&#xA;        &lt;Value&gt;viadmin&lt;/Value&gt;&#xD;&#xA;      &lt;/Column&gt;&#xD;&#xA;      &lt;Column Name=&quot;XUserUpdated&quot; Display=&quot;viadmin&quot;&gt;&#xD;&#xA;        &lt;Value&gt;viadmin&lt;/Value&gt;&#xD;&#xA;      &lt;/Column&gt;&#xD;&#xA;    &lt;/Columns&gt;&#xD;&#xA;  &lt;/DbObject&gt;&#xD;&#xA;&lt;/DbObjects&gt;">
               <Value>&lt;DbObjects&gt;
  &lt;DbObject Display="Custom\credVerify" Version="2"&gt;
    &lt;Key&gt;
      &lt;Table Name="DialogConfigParm" Display="Custom\credVerify" Key="CCC-9C9BEF928A079B4EAA8FB7791260B822"&gt;
        &lt;Prop Name="UID_ConfigParm"&gt;
          &lt;Value&gt;CCC-9C9BEF928A079B4EAA8FB7791260B822&lt;/Value&gt;
        &lt;/Prop&gt;
      &lt;/Table&gt;
    &lt;/Key&gt;
    &lt;Columns&gt;
      &lt;Column Name="ConfigParm" Display="credVerify"&gt;
        &lt;Value&gt;credVerify&lt;/Value&gt;
      &lt;/Column&gt;
      &lt;Column Name="Description"&gt;
        &lt;Value&gt;&lt;/Value&gt;
      &lt;/Column&gt;
      &lt;Column Name="DisplayName"&gt;
        &lt;Value&gt;&lt;/Value&gt;
      &lt;/Column&gt;
      &lt;Column Name="Enabled" Display="True"&gt;
        &lt;Value&gt;True&lt;/Value&gt;
      &lt;/Column&gt;
      &lt;Column Name="FullPath" Display="Custom\credVerify"&gt;
        &lt;Value&gt;Custom\credVerify&lt;/Value&gt;
      &lt;/Column&gt;
      &lt;Column Name="IsCrypted" Display="False"&gt;
        &lt;Value&gt;False&lt;/Value&gt;
      &lt;/Column&gt;
      &lt;Column Name="IsPreprocessorCondition" Display="False"&gt;
        &lt;Value&gt;False&lt;/Value&gt;
      &lt;/Column&gt;
      &lt;Column Name="SortOrder" Display="0"&gt;
        &lt;Value&gt;0&lt;/Value&gt;
      &lt;/Column&gt;
      &lt;Column Name="UID_ConfigParm" Display="CCC-9C9BEF928A079B4EAA8FB7791260B822"&gt;
        &lt;Value&gt;CCC-9C9BEF928A079B4EAA8FB7791260B822&lt;/Value&gt;
      &lt;/Column&gt;
      &lt;Column Name="UID_ParentConfigparm" Display="Custom"&gt;
        &lt;Key&gt;
          &lt;Table Name="DialogConfigParm" Display="Custom" Key="QBM-2806300B23BB40C5963B7A221AE3D639"&gt;
            &lt;Prop Name="UID_ConfigParm"&gt;
              &lt;Value&gt;QBM-2806300B23BB40C5963B7A221AE3D639&lt;/Value&gt;
            &lt;/Prop&gt;
          &lt;/Table&gt;
        &lt;/Key&gt;
      &lt;/Column&gt;
      &lt;Column Name="UID_QBMClrTypeEditor"&gt;
        &lt;Value&gt;&lt;/Value&gt;
      &lt;/Column&gt;
      &lt;Column Name="Value" Display="1"&gt;
        &lt;Value&gt;1&lt;/Value&gt;
      &lt;/Column&gt;
      &lt;Column Name="XDateInserted" Display="6/24/2019 12:37:45 PM"&gt;
        &lt;Value&gt;2019-06-24T10:37:45.6730000Z&lt;/Value&gt;
      &lt;/Column&gt;
      &lt;Column Name="XDateUpdated" Display="6/24/2019 12:37:45 PM"&gt;
        &lt;Value&gt;2019-06-24T10:37:45.6730000Z&lt;/Value&gt;
      &lt;/Column&gt;
      &lt;Column Name="XMarkedForDeletion"&gt;
        &lt;Value&gt;0&lt;/Value&gt;
      &lt;/Column&gt;
      &lt;Column Name="XObjectKey" Display="&amp;lt;Key&amp;gt;&amp;lt;T&amp;gt;DialogConfigParm&amp;lt;/T&amp;gt;&amp;lt;P&amp;gt;CCC-9C9BEF928A079B4EAA8FB7791260B822&amp;lt;/P&amp;gt;&amp;lt;/Key&amp;gt;"&gt;
        &lt;Value&gt;&amp;lt;Key&amp;gt;&amp;lt;T&amp;gt;DialogConfigParm&amp;lt;/T&amp;gt;&amp;lt;P&amp;gt;CCC-9C9BEF928A079B4EAA8FB7791260B822&amp;lt;/P&amp;gt;&amp;lt;/Key&amp;gt;&lt;/Value&gt;
      &lt;/Column&gt;
      &lt;Column Name="XTouched"&gt;
        &lt;Value&gt;&lt;/Value&gt;
      &lt;/Column&gt;
      &lt;Column Name="XUserInserted" Display="viadmin"&gt;
        &lt;Value&gt;viadmin&lt;/Value&gt;
      &lt;/Column&gt;
      &lt;Column Name="XUserUpdated" Display="viadmin"&gt;
        &lt;Value&gt;viadmin&lt;/Value&gt;
      &lt;/Column&gt;
    &lt;/Columns&gt;
  &lt;/DbObject&gt;
  &lt;DbObject Display="Custom\credVerify\APIKey" Version="2"&gt;
    &lt;Key&gt;
      &lt;Table Name="DialogConfigParm" Display="Custom\credVerify\APIKey" Key="CCC-DF5D8E95E9FE56429EA676C8A63ECB65"&gt;
        &lt;Prop Name="UID_ConfigParm"&gt;
          &lt;Value&gt;CCC-DF5D8E95E9FE56429EA676C8A63ECB65&lt;/Value&gt;
        &lt;/Prop&gt;
      &lt;/Table&gt;
    &lt;/Key&gt;
    &lt;Columns&gt;
      &lt;Column Name="ConfigParm" Display="APIKey"&gt;
        &lt;Value&gt;APIKey&lt;/Value&gt;
      &lt;/Column&gt;
      &lt;Column Name="Description"&gt;
        &lt;Value&gt;&lt;/Value&gt;
      &lt;/Column&gt;
      &lt;Column Name="DisplayName" Display="API Key"&gt;
        &lt;Value&gt;API Key&lt;/Value&gt;
      &lt;/Column&gt;
      &lt;Column Name="Enabled" Display="True"&gt;
        &lt;Value&gt;True&lt;/Value&gt;
      &lt;/Column&gt;
      &lt;Column Name="FullPath" Display="Custom\credVerify\APIKey"&gt;
        &lt;Value&gt;Custom\credVerify\APIKey&lt;/Value&gt;
      &lt;/Column&gt;
      &lt;Column Name="IsCrypted" Display="False"&gt;
        &lt;Value&gt;False&lt;/Value&gt;
      &lt;/Column&gt;
      &lt;Column Name="IsPreprocessorCondition" Display="False"&gt;
        &lt;Value&gt;False&lt;/Value&gt;
      &lt;/Column&gt;
      &lt;Column Name="SortOrder" Display="0"&gt;
        &lt;Value&gt;0&lt;/Value&gt;
      &lt;/Column&gt;
      &lt;Column Name="UID_ConfigParm" Display="CCC-DF5D8E95E9FE56429EA676C8A63ECB65"&gt;
        &lt;Value&gt;CCC-DF5D8E95E9FE56429EA676C8A63ECB65&lt;/Value&gt;
      &lt;/Column&gt;
      &lt;Column Name="UID_ParentConfigparm" Display="CCC-9C9BEF928A079B4EAA8FB7791260B822"&gt;
        &lt;Key&gt;
          &lt;Table Name="DialogConfigParm" Display="Custom\credVerify" Key="CCC-9C9BEF928A079B4EAA8FB7791260B822"&gt;
            &lt;Prop Name="UID_ConfigParm"&gt;
              &lt;Value&gt;CCC-9C9BEF928A079B4EAA8FB7791260B822&lt;/Value&gt;
            &lt;/Prop&gt;
          &lt;/Table&gt;
        &lt;/Key&gt;
      &lt;/Column&gt;
      &lt;Column Name="UID_QBMClrTypeEditor"&gt;
        &lt;Value&gt;&lt;/Value&gt;
      &lt;/Column&gt;
      &lt;Column Name="Value" Display="&amp;lt;YOUR API KEY&amp;gt;"&gt;
        &lt;Value&gt;&amp;lt;YOUR API KEY&amp;gt;&lt;/Value&gt;
      &lt;/Column&gt;
      &lt;Column Name="XDateInserted" Display="6/24/2019 12:37:45 PM"&gt;
        &lt;Value&gt;2019-06-24T10:37:45.7370000Z&lt;/Value&gt;
      &lt;/Column&gt;
      &lt;Column Name="XDateUpdated" Display="6/24/2019 12:37:45 PM"&gt;
        &lt;Value&gt;2019-06-24T10:37:45.7700000Z&lt;/Value&gt;
      &lt;/Column&gt;
      &lt;Column Name="XMarkedForDeletion"&gt;
        &lt;Value&gt;0&lt;/Value&gt;
      &lt;/Column&gt;
      &lt;Column Name="XObjectKey" Display="&amp;lt;Key&amp;gt;&amp;lt;T&amp;gt;DialogConfigParm&amp;lt;/T&amp;gt;&amp;lt;P&amp;gt;CCC-DF5D8E95E9FE56429EA676C8A63ECB65&amp;lt;/P&amp;gt;&amp;lt;/Key&amp;gt;"&gt;
        &lt;Value&gt;&amp;lt;Key&amp;gt;&amp;lt;T&amp;gt;DialogConfigParm&amp;lt;/T&amp;gt;&amp;lt;P&amp;gt;CCC-DF5D8E95E9FE56429EA676C8A63ECB65&amp;lt;/P&amp;gt;&amp;lt;/Key&amp;gt;&lt;/Value&gt;
      &lt;/Column&gt;
      &lt;Column Name="XTouched"&gt;
        &lt;Value&gt;&lt;/Value&gt;
      &lt;/Column&gt;
      &lt;Column Name="XUserInserted" Display="viadmin"&gt;
        &lt;Value&gt;viadmin&lt;/Value&gt;
      &lt;/Column&gt;
      &lt;Column Name="XUserUpdated" Display="viadmin"&gt;
        &lt;Value&gt;viadmin&lt;/Value&gt;
      &lt;/Column&gt;
    &lt;/Columns&gt;
  &lt;/DbObject&gt;
  &lt;DbObject Display="Custom\credVerify\APISecret" Version="2"&gt;
    &lt;Key&gt;
      &lt;Table Name="DialogConfigParm" Display="Custom\credVerify\APISecret" Key="CCC-2BCA4DAC06BB2F4893F923D893C577EE"&gt;
        &lt;Prop Name="UID_ConfigParm"&gt;
          &lt;Value&gt;CCC-2BCA4DAC06BB2F4893F923D893C577EE&lt;/Value&gt;
        &lt;/Prop&gt;
      &lt;/Table&gt;
    &lt;/Key&gt;
    &lt;Columns&gt;
      &lt;Column Name="ConfigParm" Display="APISecret"&gt;
        &lt;Value&gt;APISecret&lt;/Value&gt;
      &lt;/Column&gt;
      &lt;Column Name="Description"&gt;
        &lt;Value&gt;&lt;/Value&gt;
      &lt;/Column&gt;
      &lt;Column Name="DisplayName" Display="API Secret"&gt;
        &lt;Value&gt;API Secret&lt;/Value&gt;
      &lt;/Column&gt;
      &lt;Column Name="Enabled" Display="True"&gt;
        &lt;Value&gt;True&lt;/Value&gt;
      &lt;/Column&gt;
      &lt;Column Name="FullPath" Display="Custom\credVerify\APISecret"&gt;
        &lt;Value&gt;Custom\credVerify\APISecret&lt;/Value&gt;
      &lt;/Column&gt;
      &lt;Column Name="IsCrypted" Display="False"&gt;
        &lt;Value&gt;False&lt;/Value&gt;
      &lt;/Column&gt;
      &lt;Column Name="IsPreprocessorCondition" Display="False"&gt;
        &lt;Value&gt;False&lt;/Value&gt;
      &lt;/Column&gt;
      &lt;Column Name="SortOrder" Display="0"&gt;
        &lt;Value&gt;0&lt;/Value&gt;
      &lt;/Column&gt;
      &lt;Column Name="UID_ConfigParm" Display="CCC-2BCA4DAC06BB2F4893F923D893C577EE"&gt;
        &lt;Value&gt;CCC-2BCA4DAC06BB2F4893F923D893C577EE&lt;/Value&gt;
      &lt;/Column&gt;
      &lt;Column Name="UID_ParentConfigparm" Display="CCC-9C9BEF928A079B4EAA8FB7791260B822"&gt;
        &lt;Key&gt;
          &lt;Table Name="DialogConfigParm" Display="Custom\credVerify" Key="CCC-9C9BEF928A079B4EAA8FB7791260B822"&gt;
            &lt;Prop Name="UID_ConfigParm"&gt;
              &lt;Value&gt;CCC-9C9BEF928A079B4EAA8FB7791260B822&lt;/Value&gt;
            &lt;/Prop&gt;
          &lt;/Table&gt;
        &lt;/Key&gt;
      &lt;/Column&gt;
      &lt;Column Name="UID_QBMClrTypeEditor"&gt;
        &lt;Value&gt;&lt;/Value&gt;
      &lt;/Column&gt;
      &lt;Column Name="Value" Display="&amp;lt;YOUR API SECRET&amp;gt;"&gt;
        &lt;Value&gt;&amp;lt;YOUR API SECRET&amp;gt;&lt;/Value&gt;
      &lt;/Column&gt;
      &lt;Column Name="XDateInserted" Display="6/24/2019 12:37:45 PM"&gt;
        &lt;Value&gt;2019-06-24T10:37:45.7530000Z&lt;/Value&gt;
      &lt;/Column&gt;
      &lt;Column Name="XDateUpdated" Display="6/24/2019 12:37:45 PM"&gt;
        &lt;Value&gt;2019-06-24T10:37:45.7530000Z&lt;/Value&gt;
      &lt;/Column&gt;
      &lt;Column Name="XMarkedForDeletion"&gt;
        &lt;Value&gt;0&lt;/Value&gt;
      &lt;/Column&gt;
      &lt;Column Name="XObjectKey" Display="&amp;lt;Key&amp;gt;&amp;lt;T&amp;gt;DialogConfigParm&amp;lt;/T&amp;gt;&amp;lt;P&amp;gt;CCC-2BCA4DAC06BB2F4893F923D893C577EE&amp;lt;/P&amp;gt;&amp;lt;/Key&amp;gt;"&gt;
        &lt;Value&gt;&amp;lt;Key&amp;gt;&amp;lt;T&amp;gt;DialogConfigParm&amp;lt;/T&amp;gt;&amp;lt;P&amp;gt;CCC-2BCA4DAC06BB2F4893F923D893C577EE&amp;lt;/P&amp;gt;&amp;lt;/Key&amp;gt;&lt;/Value&gt;
      &lt;/Column&gt;
      &lt;Column Name="XTouched"&gt;
        &lt;Value&gt;&lt;/Value&gt;
      &lt;/Column&gt;
      &lt;Column Name="XUserInserted" Display="viadmin"&gt;
        &lt;Value&gt;viadmin&lt;/Value&gt;
      &lt;/Column&gt;
      &lt;Column Name="XUserUpdated" Display="viadmin"&gt;
        &lt;Value&gt;viadmin&lt;/Value&gt;
      &lt;/Column&gt;
    &lt;/Columns&gt;
  &lt;/DbObject&gt;
&lt;/DbObjects&gt;</Value>
            </Column>
            <Column Name="ObjectKey" Display="&lt;Key&gt;&lt;T&gt;DialogConfigParm&lt;/T&gt;&lt;P&gt;CCC-9C9BEF928A079B4EAA8FB7791260B822&lt;/P&gt;&lt;/Key&gt;">
               <Value>&lt;Key&gt;&lt;T&gt;DialogConfigParm&lt;/T&gt;&lt;P&gt;CCC-9C9BEF928A079B4EAA8FB7791260B822&lt;/P&gt;&lt;/Key&gt;</Value>
            </Column>
            <Column Name="SortOrder" Display="1833792892698632">
               <Value>1833792892698632</Value>
            </Column>
            <Column Name="UID_DialogTag" Display="CCC-79DAC2742779FC4F93A7C9F1EDDDF921">
               <Key>
                  <Table Name="DialogTag" Display="VeriClouds CredVerify" Key="CCC-79DAC2742779FC4F93A7C9F1EDDDF921">
                     <Prop Name="UID_DialogTag">
                        <Value>CCC-79DAC2742779FC4F93A7C9F1EDDDF921</Value>
                     </Prop>
                  </Table>
               </Key>
            </Column>
            <Column Name="UID_QBMTaggedChange" Display="CCC-E5E52141F2AF854F876E456C667C9FA6">
               <Value>CCC-E5E52141F2AF854F876E456C667C9FA6</Value>
            </Column>
            <Column Name="XDateInserted" Display="6/24/2019 12:42:03 PM">
               <Value>2019-06-24T10:42:03.0500000Z</Value>
            </Column>
            <Column Name="XDateUpdated" Display="6/24/2019 12:42:03 PM">
               <Value>2019-06-24T10:42:03.0500000Z</Value>
            </Column>
            <Column Name="XMarkedForDeletion">
               <Value>0</Value>
            </Column>
            <Column Name="XObjectKey" Display="&lt;Key&gt;&lt;T&gt;QBMTaggedChange&lt;/T&gt;&lt;P&gt;CCC-E5E52141F2AF854F876E456C667C9FA6&lt;/P&gt;&lt;/Key&gt;">
               <Value>&lt;Key&gt;&lt;T&gt;QBMTaggedChange&lt;/T&gt;&lt;P&gt;CCC-E5E52141F2AF854F876E456C667C9FA6&lt;/P&gt;&lt;/Key&gt;</Value>
            </Column>
            <Column Name="XTouched">
               <Value />
            </Column>
            <Column Name="XUserInserted" Display="viadmin">
               <Value>viadmin</Value>
            </Column>
            <Column Name="XUserUpdated" Display="viadmin">
               <Value>viadmin</Value>
            </Column>
         </Columns>
      </DbObject>
      <DbObject Display="CCC-79DAC2742779FC4F93A7C9F1EDDDF921 - &lt;Key&gt;&lt;T&gt;DialogConfigParm&lt;/T&gt;&lt;P&gt;CCC-DF5D8E95E9FE56429EA676C8A63ECB65&lt;/P&gt;&lt;/Key&gt;" Version="2">
         <Key>
            <Table Name="QBMTaggedChange" Display="CCC-79DAC2742779FC4F93A7C9F1EDDDF921 - &lt;Key&gt;&lt;T&gt;DialogConfigParm&lt;/T&gt;&lt;P&gt;CCC-DF5D8E95E9FE56429EA676C8A63ECB65&lt;/P&gt;&lt;/Key&gt;" Key="CCC-3F5A5228F05FCF409B8CA68E8A48DBB0">
               <Prop Name="UID_QBMTaggedChange">
                  <Value>CCC-3F5A5228F05FCF409B8CA68E8A48DBB0</Value>
               </Prop>
            </Table>
         </Key>
         <Columns>
            <Column Name="ChangeContent" Display="&lt;DbObject Display=&quot;Custom\credVerify\APIKey&quot; Version=&quot;2&quot;&gt;&#xD;&#xA;  &lt;Key&gt;&#xD;&#xA;    &lt;Table Name=&quot;DialogConfigParm&quot; Display=&quot;Custom\credVerify\APIKey&quot; Key=&quot;CCC-DF5D8E95E9FE56429EA676C8A63ECB65&quot;&gt;&#xD;&#xA;      &lt;Prop Name=&quot;UID_ConfigParm&quot;&gt;&#xD;&#xA;        &lt;Value&gt;CCC-DF5D8E95E9FE56429EA676C8A63ECB65&lt;/Value&gt;&#xD;&#xA;      &lt;/Prop&gt;&#xD;&#xA;    &lt;/Table&gt;&#xD;&#xA;  &lt;/Key&gt;&#xD;&#xA;  &lt;Columns&gt;&#xD;&#xA;    &lt;Column Name=&quot;ConfigParm&quot; Display=&quot;APIKey&quot;&gt;&#xD;&#xA;      &lt;Value&gt;APIKey&lt;/Value&gt;&#xD;&#xA;    &lt;/Column&gt;&#xD;&#xA;    &lt;Column Name=&quot;Description&quot;&gt;&#xD;&#xA;      &lt;Value&gt;&lt;/Value&gt;&#xD;&#xA;    &lt;/Column&gt;&#xD;&#xA;    &lt;Column Name=&quot;DisplayName&quot; Display=&quot;API Key&quot;&gt;&#xD;&#xA;      &lt;Value&gt;API Key&lt;/Value&gt;&#xD;&#xA;    &lt;/Column&gt;&#xD;&#xA;    &lt;Column Name=&quot;Enabled&quot; Display=&quot;True&quot;&gt;&#xD;&#xA;      &lt;Value&gt;True&lt;/Value&gt;&#xD;&#xA;    &lt;/Column&gt;&#xD;&#xA;    &lt;Column Name=&quot;FullPath&quot; Display=&quot;Custom\credVerify\APIKey&quot;&gt;&#xD;&#xA;      &lt;Value&gt;Custom\credVerify\APIKey&lt;/Value&gt;&#xD;&#xA;    &lt;/Column&gt;&#xD;&#xA;    &lt;Column Name=&quot;IsCrypted&quot; Display=&quot;False&quot;&gt;&#xD;&#xA;      &lt;Value&gt;False&lt;/Value&gt;&#xD;&#xA;    &lt;/Column&gt;&#xD;&#xA;    &lt;Column Name=&quot;IsPreprocessorCondition&quot; Display=&quot;False&quot;&gt;&#xD;&#xA;      &lt;Value&gt;False&lt;/Value&gt;&#xD;&#xA;    &lt;/Column&gt;&#xD;&#xA;    &lt;Column Name=&quot;SortOrder&quot; Display=&quot;0&quot;&gt;&#xD;&#xA;      &lt;Value&gt;0&lt;/Value&gt;&#xD;&#xA;    &lt;/Column&gt;&#xD;&#xA;    &lt;Column Name=&quot;UID_ConfigParm&quot; Display=&quot;CCC-DF5D8E95E9FE56429EA676C8A63ECB65&quot;&gt;&#xD;&#xA;      &lt;Value&gt;CCC-DF5D8E95E9FE56429EA676C8A63ECB65&lt;/Value&gt;&#xD;&#xA;    &lt;/Column&gt;&#xD;&#xA;    &lt;Column Name=&quot;UID_ParentConfigparm&quot; Display=&quot;Custom\credVerify&quot;&gt;&#xD;&#xA;      &lt;Key&gt;&#xD;&#xA;        &lt;Table Name=&quot;DialogConfigParm&quot; Display=&quot;Custom\credVerify&quot; Key=&quot;CCC-9C9BEF928A079B4EAA8FB7791260B822&quot;&gt;&#xD;&#xA;          &lt;Prop Name=&quot;UID_ConfigParm&quot;&gt;&#xD;&#xA;            &lt;Value&gt;CCC-9C9BEF928A079B4EAA8FB7791260B822&lt;/Value&gt;&#xD;&#xA;          &lt;/Prop&gt;&#xD;&#xA;        &lt;/Table&gt;&#xD;&#xA;      &lt;/Key&gt;&#xD;&#xA;    &lt;/Column&gt;&#xD;&#xA;    &lt;Column Name=&quot;UID_QBMClrTypeEditor&quot;&gt;&#xD;&#xA;      &lt;Value&gt;&lt;/Value&gt;&#xD;&#xA;    &lt;/Column&gt;&#xD;&#xA;    &lt;Column Name=&quot;Value&quot; Display=&quot;&amp;lt;YOUR API KEY&amp;gt;&quot;&gt;&#xD;&#xA;      &lt;Value&gt;&amp;lt;YOUR API KEY&amp;gt;&lt;/Value&gt;&#xD;&#xA;    &lt;/Column&gt;&#xD;&#xA;    &lt;Column Name=&quot;XDateInserted&quot; Display=&quot;6/24/2019 12:37:45 PM&quot;&gt;&#xD;&#xA;      &lt;Value&gt;2019-06-24T10:37:45.7370000Z&lt;/Value&gt;&#xD;&#xA;    &lt;/Column&gt;&#xD;&#xA;    &lt;Column Name=&quot;XDateUpdated&quot; Display=&quot;6/24/2019 12:37:45 PM&quot;&gt;&#xD;&#xA;      &lt;Value&gt;2019-06-24T10:37:45.7700000Z&lt;/Value&gt;&#xD;&#xA;    &lt;/Column&gt;&#xD;&#xA;    &lt;Column Name=&quot;XMarkedForDeletion&quot;&gt;&#xD;&#xA;      &lt;Value&gt;0&lt;/Value&gt;&#xD;&#xA;    &lt;/Column&gt;&#xD;&#xA;    &lt;Column Name=&quot;XObjectKey&quot; Display=&quot;&amp;lt;Key&amp;gt;&amp;lt;T&amp;gt;DialogConfigParm&amp;lt;/T&amp;gt;&amp;lt;P&amp;gt;CCC-DF5D8E95E9FE56429EA676C8A63ECB65&amp;lt;/P&amp;gt;&amp;lt;/Key&amp;gt;&quot;&gt;&#xD;&#xA;      &lt;Value&gt;&amp;lt;Key&amp;gt;&amp;lt;T&amp;gt;DialogConfigParm&amp;lt;/T&amp;gt;&amp;lt;P&amp;gt;CCC-DF5D8E95E9FE56429EA676C8A63ECB65&amp;lt;/P&amp;gt;&amp;lt;/Key&amp;gt;&lt;/Value&gt;&#xD;&#xA;    &lt;/Column&gt;&#xD;&#xA;    &lt;Column Name=&quot;XTouched&quot;&gt;&#xD;&#xA;      &lt;Value&gt;&lt;/Value&gt;&#xD;&#xA;    &lt;/Column&gt;&#xD;&#xA;    &lt;Column Name=&quot;XUserInserted&quot; Display=&quot;viadmin&quot;&gt;&#xD;&#xA;      &lt;Value&gt;viadmin&lt;/Value&gt;&#xD;&#xA;    &lt;/Column&gt;&#xD;&#xA;    &lt;Column Name=&quot;XUserUpdated&quot; Display=&quot;viadmin&quot;&gt;&#xD;&#xA;      &lt;Value&gt;viadmin&lt;/Value&gt;&#xD;&#xA;    &lt;/Column&gt;&#xD;&#xA;  &lt;/Columns&gt;&#xD;&#xA;&lt;/DbObject&gt;">
               <Value>&lt;DbObject Display="Custom\credVerify\APIKey" Version="2"&gt;
  &lt;Key&gt;
    &lt;Table Name="DialogConfigParm" Display="Custom\credVerify\APIKey" Key="CCC-DF5D8E95E9FE56429EA676C8A63ECB65"&gt;
      &lt;Prop Name="UID_ConfigParm"&gt;
        &lt;Value&gt;CCC-DF5D8E95E9FE56429EA676C8A63ECB65&lt;/Value&gt;
      &lt;/Prop&gt;
    &lt;/Table&gt;
  &lt;/Key&gt;
  &lt;Columns&gt;
    &lt;Column Name="ConfigParm" Display="APIKey"&gt;
      &lt;Value&gt;APIKey&lt;/Value&gt;
    &lt;/Column&gt;
    &lt;Column Name="Description"&gt;
      &lt;Value&gt;&lt;/Value&gt;
    &lt;/Column&gt;
    &lt;Column Name="DisplayName" Display="API Key"&gt;
      &lt;Value&gt;API Key&lt;/Value&gt;
    &lt;/Column&gt;
    &lt;Column Name="Enabled" Display="True"&gt;
      &lt;Value&gt;True&lt;/Value&gt;
    &lt;/Column&gt;
    &lt;Column Name="FullPath" Display="Custom\credVerify\APIKey"&gt;
      &lt;Value&gt;Custom\credVerify\APIKey&lt;/Value&gt;
    &lt;/Column&gt;
    &lt;Column Name="IsCrypted" Display="False"&gt;
      &lt;Value&gt;False&lt;/Value&gt;
    &lt;/Column&gt;
    &lt;Column Name="IsPreprocessorCondition" Display="False"&gt;
      &lt;Value&gt;False&lt;/Value&gt;
    &lt;/Column&gt;
    &lt;Column Name="SortOrder" Display="0"&gt;
      &lt;Value&gt;0&lt;/Value&gt;
    &lt;/Column&gt;
    &lt;Column Name="UID_ConfigParm" Display="CCC-DF5D8E95E9FE56429EA676C8A63ECB65"&gt;
      &lt;Value&gt;CCC-DF5D8E95E9FE56429EA676C8A63ECB65&lt;/Value&gt;
    &lt;/Column&gt;
    &lt;Column Name="UID_ParentConfigparm" Display="Custom\credVerify"&gt;
      &lt;Key&gt;
        &lt;Table Name="DialogConfigParm" Display="Custom\credVerify" Key="CCC-9C9BEF928A079B4EAA8FB7791260B822"&gt;
          &lt;Prop Name="UID_ConfigParm"&gt;
            &lt;Value&gt;CCC-9C9BEF928A079B4EAA8FB7791260B822&lt;/Value&gt;
          &lt;/Prop&gt;
        &lt;/Table&gt;
      &lt;/Key&gt;
    &lt;/Column&gt;
    &lt;Column Name="UID_QBMClrTypeEditor"&gt;
      &lt;Value&gt;&lt;/Value&gt;
    &lt;/Column&gt;
    &lt;Column Name="Value" Display="&amp;lt;YOUR API KEY&amp;gt;"&gt;
      &lt;Value&gt;&amp;lt;YOUR API KEY&amp;gt;&lt;/Value&gt;
    &lt;/Column&gt;
    &lt;Column Name="XDateInserted" Display="6/24/2019 12:37:45 PM"&gt;
      &lt;Value&gt;2019-06-24T10:37:45.7370000Z&lt;/Value&gt;
    &lt;/Column&gt;
    &lt;Column Name="XDateUpdated" Display="6/24/2019 12:37:45 PM"&gt;
      &lt;Value&gt;2019-06-24T10:37:45.7700000Z&lt;/Value&gt;
    &lt;/Column&gt;
    &lt;Column Name="XMarkedForDeletion"&gt;
      &lt;Value&gt;0&lt;/Value&gt;
    &lt;/Column&gt;
    &lt;Column Name="XObjectKey" Display="&amp;lt;Key&amp;gt;&amp;lt;T&amp;gt;DialogConfigParm&amp;lt;/T&amp;gt;&amp;lt;P&amp;gt;CCC-DF5D8E95E9FE56429EA676C8A63ECB65&amp;lt;/P&amp;gt;&amp;lt;/Key&amp;gt;"&gt;
      &lt;Value&gt;&amp;lt;Key&amp;gt;&amp;lt;T&amp;gt;DialogConfigParm&amp;lt;/T&amp;gt;&amp;lt;P&amp;gt;CCC-DF5D8E95E9FE56429EA676C8A63ECB65&amp;lt;/P&amp;gt;&amp;lt;/Key&amp;gt;&lt;/Value&gt;
    &lt;/Column&gt;
    &lt;Column Name="XTouched"&gt;
      &lt;Value&gt;&lt;/Value&gt;
    &lt;/Column&gt;
    &lt;Column Name="XUserInserted" Display="viadmin"&gt;
      &lt;Value&gt;viadmin&lt;/Value&gt;
    &lt;/Column&gt;
    &lt;Column Name="XUserUpdated" Display="viadmin"&gt;
      &lt;Value&gt;viadmin&lt;/Value&gt;
    &lt;/Column&gt;
  &lt;/Columns&gt;
&lt;/DbObject&gt;</Value>
            </Column>
            <Column Name="ObjectKey" Display="&lt;Key&gt;&lt;T&gt;DialogConfigParm&lt;/T&gt;&lt;P&gt;CCC-DF5D8E95E9FE56429EA676C8A63ECB65&lt;/P&gt;&lt;/Key&gt;">
               <Value>&lt;Key&gt;&lt;T&gt;DialogConfigParm&lt;/T&gt;&lt;P&gt;CCC-DF5D8E95E9FE56429EA676C8A63ECB65&lt;/P&gt;&lt;/Key&gt;</Value>
            </Column>
            <Column Name="SortOrder" Display="1833792988577801">
               <Value>1833792988577801</Value>
            </Column>
            <Column Name="UID_DialogTag" Display="CCC-79DAC2742779FC4F93A7C9F1EDDDF921">
               <Key>
                  <Table Name="DialogTag" Display="VeriClouds CredVerify" Key="CCC-79DAC2742779FC4F93A7C9F1EDDDF921">
                     <Prop Name="UID_DialogTag">
                        <Value>CCC-79DAC2742779FC4F93A7C9F1EDDDF921</Value>
                     </Prop>
                  </Table>
               </Key>
            </Column>
            <Column Name="UID_QBMTaggedChange" Display="CCC-3F5A5228F05FCF409B8CA68E8A48DBB0">
               <Value>CCC-3F5A5228F05FCF409B8CA68E8A48DBB0</Value>
            </Column>
            <Column Name="XDateInserted" Display="6/24/2019 12:42:03 PM">
               <Value>2019-06-24T10:42:03.0630000Z</Value>
            </Column>
            <Column Name="XDateUpdated" Display="6/24/2019 12:42:03 PM">
               <Value>2019-06-24T10:42:03.0630000Z</Value>
            </Column>
            <Column Name="XMarkedForDeletion">
               <Value>0</Value>
            </Column>
            <Column Name="XObjectKey" Display="&lt;Key&gt;&lt;T&gt;QBMTaggedChange&lt;/T&gt;&lt;P&gt;CCC-3F5A5228F05FCF409B8CA68E8A48DBB0&lt;/P&gt;&lt;/Key&gt;">
               <Value>&lt;Key&gt;&lt;T&gt;QBMTaggedChange&lt;/T&gt;&lt;P&gt;CCC-3F5A5228F05FCF409B8CA68E8A48DBB0&lt;/P&gt;&lt;/Key&gt;</Value>
            </Column>
            <Column Name="XTouched">
               <Value />
            </Column>
            <Column Name="XUserInserted" Display="viadmin">
               <Value>viadmin</Value>
            </Column>
            <Column Name="XUserUpdated" Display="viadmin">
               <Value>viadmin</Value>
            </Column>
         </Columns>
      </DbObject>
      <DbObject Display="CCC-79DAC2742779FC4F93A7C9F1EDDDF921 - &lt;Key&gt;&lt;T&gt;DialogScript&lt;/T&gt;&lt;P&gt;CCC-3591021709A28741AE4D5DD42862A618&lt;/P&gt;&lt;/Key&gt;" Version="2">
         <Key>
            <Table Name="QBMTaggedChange" Display="CCC-79DAC2742779FC4F93A7C9F1EDDDF921 - &lt;Key&gt;&lt;T&gt;DialogScript&lt;/T&gt;&lt;P&gt;CCC-3591021709A28741AE4D5DD42862A618&lt;/P&gt;&lt;/Key&gt;" Key="CCC-A6F166287D29FA44A365B95E02DA0199">
               <Prop Name="UID_QBMTaggedChange">
                  <Value>CCC-A6F166287D29FA44A365B95E02DA0199</Value>
               </Prop>
            </Table>
         </Key>
         <Columns>
            <Column Name="ChangeContent" Display="&lt;DbObject Display=&quot;SDK_Vericlouds_CredVerify&quot; Version=&quot;2&quot;&gt;&#xD;&#xA;  &lt;Key&gt;&#xD;&#xA;    &lt;Table Name=&quot;DialogScript&quot; Display=&quot;SDK_Vericlouds_CredVerify&quot; Key=&quot;CCC-3591021709A28741AE4D5DD42862A618&quot;&gt;&#xD;&#xA;      &lt;Prop Name=&quot;UID_DialogScript&quot;&gt;&#xD;&#xA;        &lt;Value&gt;CCC-3591021709A28741AE4D5DD42862A618&lt;/Value&gt;&#xD;&#xA;      &lt;/Prop&gt;&#xD;&#xA;    &lt;/Table&gt;&#xD;&#xA;  &lt;/Key&gt;&#xD;&#xA;  &lt;Columns&gt;&#xD;&#xA;    &lt;Column Name=&quot;Description&quot; Display=&quot;Password validation script and sample calls against CredVerify API from VeriClouds to check if a password is compromised.&quot;&gt;&#xD;&#xA;      &lt;Value&gt;Password validation script and sample calls against CredVerify API from VeriClouds to check if a password is compromised.&lt;/Value&gt;&#xD;&#xA;    &lt;/Column&gt;&#xD;&#xA;    &lt;Column Name=&quot;IsLocked&quot; Display=&quot;False&quot;&gt;&#xD;&#xA;      &lt;Value&gt;False&lt;/Value&gt;&#xD;&#xA;    &lt;/Column&gt;&#xD;&#xA;    &lt;Column Name=&quot;ScriptCode&quot; Display=&quot;#If Not SCRIPTDEBUGGER Then&amp;#xD;&amp;#xA;    Imports Newtonsoft.Json.Linq&amp;#xD;&amp;#xA;    Imports System.Collections.Specialized&amp;#xD;&amp;#xA;    Imports System.IO&amp;#xD;&amp;#xA;    Imports System.Net&amp;#xD;&amp;#xA;    Imports System.Security.Cryptography&amp;#xD;&amp;#xA;#End If&amp;#xD;&amp;#xA;&amp;#xD;&amp;#xA;Private Shared Function StringToByteArray(ByVal hex As String) As Byte()&amp;#xD;&amp;#xA;    Return Enumerable.Range(0, hex.Length).Where(Function(x) x Mod 2 = 0).[Select](Function(x) Convert.ToByte(hex.Substring(x, 2), 16)).ToArray()&amp;#xD;&amp;#xA;End Function&amp;#xD;&amp;#xA;&amp;#xD;&amp;#xA;Private Shared Function ByteArrayToString(ByVal ba As Byte()) As String&amp;#xD;&amp;#xA;    Return BitConverter.ToString(ba).Replace(&amp;quot;-&amp;quot;, &amp;quot;&amp;quot;)&amp;#xD;&amp;#xA;End Function&amp;#xD;&amp;#xA;&amp;#xD;&amp;#xA;Private Shared Function Hash(ByVal stringToHash As String) As String&amp;#xD;&amp;#xA;    Using mySHA1 As SHA1 = SHA1.Create()&amp;#xD;&amp;#xA;        Return BitConverter.ToString(mySHA1.ComputeHash(Encoding.UTF8.GetBytes(stringToHash))).Replace(&amp;quot;-&amp;quot;, &amp;quot;&amp;quot;)&amp;#xD;&amp;#xA;    End Using&amp;#xD;&amp;#xA;End Function&amp;#xD;&amp;#xA;&amp;#xD;&amp;#xA;Private Function SDK_CredVerify_Decrypt(ByVal api_secret As String, ByVal iv As String, ByVal encry As String) As String&amp;#xD;&amp;#xA;    Using myAes As Aes = Aes.Create()&amp;#xD;&amp;#xA;        Dim decryptor As ICryptoTransform = myAes.CreateDecryptor(StringToByteArray(api_secret), StringToByteArray(iv))&amp;#xD;&amp;#xA;&amp;#xD;&amp;#xA;        Using msDecrypt As MemoryStream = New MemoryStream(StringToByteArray(encry))&amp;#xD;&amp;#xA;&amp;#xD;&amp;#xA;            Using csDecrypt As CryptoStream = New CryptoStream(msDecrypt, decryptor, CryptoStreamMode.Read)&amp;#xD;&amp;#xA;&amp;#xD;&amp;#xA;                Using srDecrypt As StreamReader = New StreamReader(csDecrypt)&amp;#xD;&amp;#xA;                    Return srDecrypt.ReadToEnd()&amp;#xD;&amp;#xA;                End Using&amp;#xD;&amp;#xA;            End Using&amp;#xD;&amp;#xA;        End Using&amp;#xD;&amp;#xA;    End Using&amp;#xD;&amp;#xA;End Function&amp;#xD;&amp;#xA;&amp;#xD;&amp;#xA;Public Function SDK_CredVerify_IsCompromised(ByVal api_key As String, ByVal api_secret As String, ByVal userid As String, ByVal password As String) As Boolean&amp;#xD;&amp;#xA;    Dim url As String = &amp;quot;https://api.vericlouds.com/index.php&amp;quot;&amp;#xD;&amp;#xA;&amp;#xD;&amp;#xA;    If String.IsNullOrEmpty(userid) Then&amp;#xD;&amp;#xA;        Throw New ArgumentNullException(&amp;quot;userid&amp;quot;, &amp;quot;An email address has to be specified to query leaked passwords.&amp;quot;)&amp;#xD;&amp;#xA;    End If&amp;#xD;&amp;#xA;&amp;#xD;&amp;#xA;    If String.IsNullOrEmpty(password) Then&amp;#xD;&amp;#xA;        Throw New ArgumentNullException(&amp;quot;password&amp;quot;, &amp;quot;Empty passwords cannot be used to query leaked passwords.&amp;quot;)&amp;#xD;&amp;#xA;    End If&amp;#xD;&amp;#xA;&amp;#xD;&amp;#xA;    Dim result As String&amp;#xD;&amp;#xA;&amp;#xD;&amp;#xA;    Using client As WebClient = New WebClient()&amp;#xD;&amp;#xA;        Dim response As Byte()&amp;#xD;&amp;#xA;        response = client.UploadValues(url, New NameValueCollection() From {&amp;#xD;&amp;#xA;            {&amp;quot;mode&amp;quot;, &amp;quot;search_leaked_password_with_userid&amp;quot;},&amp;#xD;&amp;#xA;            {&amp;quot;api_key&amp;quot;, api_key},&amp;#xD;&amp;#xA;            {&amp;quot;api_secret&amp;quot;, api_secret},&amp;#xD;&amp;#xA;            {&amp;quot;userid&amp;quot;, userid}&amp;#xD;&amp;#xA;        })&amp;#xD;&amp;#xA;&amp;#xD;&amp;#xA;        result = Encoding.UTF8.GetString(response)&amp;#xD;&amp;#xA;    End Using&amp;#xD;&amp;#xA;&amp;#xD;&amp;#xA;    Dim jObject As JObject = JObject.Parse(result)&amp;#xD;&amp;#xA;&amp;#xD;&amp;#xA;    If jObject.GetValue(&amp;quot;result&amp;quot;).ToString() = &amp;quot;succeeded&amp;quot; Then&amp;#xD;&amp;#xA;        Dim ja As JArray = JArray.Parse(jObject.GetValue(&amp;quot;passwords_encrypted&amp;quot;).ToString())&amp;#xD;&amp;#xA;&amp;#xD;&amp;#xA;        For Each ob As Object In ja&amp;#xD;&amp;#xA;            Dim enc As String() = ob.ToString().Split(&amp;quot;:&amp;quot;c)&amp;#xD;&amp;#xA;            Dim plaintext As String = SDK_CredVerify_Decrypt(api_secret, enc(1), enc(0))&amp;#xD;&amp;#xA;            Dim len As Integer = plaintext.Length&amp;#xD;&amp;#xA;            If len = password.Length AndAlso plaintext(0) = password(0) AndAlso plaintext(len - 1) = password(len - 1) Then Return True&amp;#xD;&amp;#xA;        Next&amp;#xD;&amp;#xA;&amp;#xD;&amp;#xA;    Else&amp;#xD;&amp;#xA;        Throw New Exception(jObject.GetValue(&amp;quot;reason&amp;quot;).ToString())&amp;#xD;&amp;#xA;    End If&amp;#xD;&amp;#xA;&amp;#xD;&amp;#xA;    Return False&amp;#xD;&amp;#xA;End Function&amp;#xD;&amp;#xA;Public Function SDK_CredVerify_IsCompromised(ByVal api_key As String, ByVal api_secret As String, ByRef password As String) As Boolean&amp;#xD;&amp;#xA;    Dim url As String = &amp;quot;https://api.vericlouds.com/index.php&amp;quot;&amp;#xD;&amp;#xA;&amp;#xD;&amp;#xA;    If String.IsNullOrEmpty(password) Then&amp;#xD;&amp;#xA;        Throw New ArgumentNullException(&amp;quot;password&amp;quot;, &amp;quot;Empty passwords cannot be used to query leaked passwords.&amp;quot;)&amp;#xD;&amp;#xA;    End If&amp;#xD;&amp;#xA;&amp;#xD;&amp;#xA;    Dim result As String&amp;#xD;&amp;#xA;    Dim pwHash As String = Hash(password)&amp;#xD;&amp;#xA;&amp;#xD;&amp;#xA;    Using client As WebClient = New WebClient()&amp;#xD;&amp;#xA;        Dim response As Byte()&amp;#xD;&amp;#xA;&amp;#xD;&amp;#xA;        response = client.UploadValues(url, New NameValueCollection() From {&amp;#xD;&amp;#xA;                {&amp;quot;mode&amp;quot;, &amp;quot;search_leaked_passwords_with_hash_segment&amp;quot;},&amp;#xD;&amp;#xA;                {&amp;quot;api_key&amp;quot;, api_key},&amp;#xD;&amp;#xA;                {&amp;quot;api_secret&amp;quot;, api_secret},&amp;#xD;&amp;#xA;                {&amp;quot;coverage&amp;quot;, &amp;quot;all_passwords&amp;quot;},&amp;#xD;&amp;#xA;                {&amp;quot;hash_segment&amp;quot;, pwHash.Substring(0, 6)}&amp;#xD;&amp;#xA;            })&amp;#xD;&amp;#xA;&amp;#xD;&amp;#xA;        result = Encoding.UTF8.GetString(response)&amp;#xD;&amp;#xA;    End Using&amp;#xD;&amp;#xA;&amp;#xD;&amp;#xA;    Dim jObject As JObject = JObject.Parse(result)&amp;#xD;&amp;#xA;&amp;#xD;&amp;#xA;    If jObject.GetValue(&amp;quot;result&amp;quot;).ToString() = &amp;quot;succeeded&amp;quot; Then&amp;#xD;&amp;#xA;&amp;#xD;&amp;#xA;        Dim ja As JArray = JArray.Parse(jObject.GetValue(&amp;quot;password_hashes&amp;quot;).ToString())&amp;#xD;&amp;#xA;&amp;#xD;&amp;#xA;        ' Test SHA1-HASH of password against passwords in list´.&amp;#xD;&amp;#xA;        For Each ob As Object In ja&amp;#xD;&amp;#xA;            If ob.ToString().Equals(pwHash) Then Return True&amp;#xD;&amp;#xA;        Next&amp;#xD;&amp;#xA;&amp;#xD;&amp;#xA;    Else&amp;#xD;&amp;#xA;        Throw New Exception(jObject.GetValue(&amp;quot;reason&amp;quot;).ToString())&amp;#xD;&amp;#xA;    End If&amp;#xD;&amp;#xA;&amp;#xD;&amp;#xA;    Return False&amp;#xD;&amp;#xA;End Function&amp;#xD;&amp;#xA;&amp;#xD;&amp;#xA;Public Sub SDK_CredVerify_ValidatePassword(policy As VI.DB.Passwords.PasswordPolicy, spwd As System.Security.SecureString)&amp;#xD;&amp;#xA;&amp;#x9;' Fetch API Key and API secret from custom configuration parameters.&amp;#xD;&amp;#xA;    Dim api_key As String = Session.Config.GetConfigParm(&amp;quot;Custom\credVerify\APIKey&amp;quot;)&amp;#xD;&amp;#xA;&amp;#x9;Dim api_secret As String = Session.Config.GetConfigParm(&amp;quot;Custom\credVerify\APISecret&amp;quot;)&amp;#xD;&amp;#xA;&amp;#x9;&amp;#xD;&amp;#xA;    ' Check if password is compromised&amp;#xD;&amp;#xA;    If SDK_CredVerify_IsCompromised(api_key, api_secret, spwd.ToInsecure()) Then&amp;#xD;&amp;#xA;        'Compromised&amp;#xD;&amp;#xA;        Throw New Exception(#LD(&amp;quot;Password is compromised.&amp;quot;)#)&amp;#xD;&amp;#xA;    End If&amp;#xD;&amp;#xA;&amp;#xD;&amp;#xA;End Sub&amp;#xD;&amp;#xA;&quot;&gt;&#xD;&#xA;      &lt;Value&gt;#If Not SCRIPTDEBUGGER Then&#xD;&#xA;    Imports Newtonsoft.Json.Linq&#xD;&#xA;    Imports System.Collections.Specialized&#xD;&#xA;    Imports System.IO&#xD;&#xA;    Imports System.Net&#xD;&#xA;    Imports System.Security.Cryptography&#xD;&#xA;#End If&#xD;&#xA;&#xD;&#xA;Private Shared Function StringToByteArray(ByVal hex As String) As Byte()&#xD;&#xA;    Return Enumerable.Range(0, hex.Length).Where(Function(x) x Mod 2 = 0).[Select](Function(x) Convert.ToByte(hex.Substring(x, 2), 16)).ToArray()&#xD;&#xA;End Function&#xD;&#xA;&#xD;&#xA;Private Shared Function ByteArrayToString(ByVal ba As Byte()) As String&#xD;&#xA;    Return BitConverter.ToString(ba).Replace(&quot;-&quot;, &quot;&quot;)&#xD;&#xA;End Function&#xD;&#xA;&#xD;&#xA;Private Shared Function Hash(ByVal stringToHash As String) As String&#xD;&#xA;    Using mySHA1 As SHA1 = SHA1.Create()&#xD;&#xA;        Return BitConverter.ToString(mySHA1.ComputeHash(Encoding.UTF8.GetBytes(stringToHash))).Replace(&quot;-&quot;, &quot;&quot;)&#xD;&#xA;    End Using&#xD;&#xA;End Function&#xD;&#xA;&#xD;&#xA;Private Function SDK_CredVerify_Decrypt(ByVal api_secret As String, ByVal iv As String, ByVal encry As String) As String&#xD;&#xA;    Using myAes As Aes = Aes.Create()&#xD;&#xA;        Dim decryptor As ICryptoTransform = myAes.CreateDecryptor(StringToByteArray(api_secret), StringToByteArray(iv))&#xD;&#xA;&#xD;&#xA;        Using msDecrypt As MemoryStream = New MemoryStream(StringToByteArray(encry))&#xD;&#xA;&#xD;&#xA;            Using csDecrypt As CryptoStream = New CryptoStream(msDecrypt, decryptor, CryptoStreamMode.Read)&#xD;&#xA;&#xD;&#xA;                Using srDecrypt As StreamReader = New StreamReader(csDecrypt)&#xD;&#xA;                    Return srDecrypt.ReadToEnd()&#xD;&#xA;                End Using&#xD;&#xA;            End Using&#xD;&#xA;        End Using&#xD;&#xA;    End Using&#xD;&#xA;End Function&#xD;&#xA;&#xD;&#xA;Public Function SDK_CredVerify_IsCompromised(ByVal api_key As String, ByVal api_secret As String, ByVal userid As String, ByVal password As String) As Boolean&#xD;&#xA;    Dim url As String = &quot;https://api.vericlouds.com/index.php&quot;&#xD;&#xA;&#xD;&#xA;    If String.IsNullOrEmpty(userid) Then&#xD;&#xA;        Throw New ArgumentNullException(&quot;userid&quot;, &quot;An email address has to be specified to query leaked passwords.&quot;)&#xD;&#xA;    End If&#xD;&#xA;&#xD;&#xA;    If String.IsNullOrEmpty(password) Then&#xD;&#xA;        Throw New ArgumentNullException(&quot;password&quot;, &quot;Empty passwords cannot be used to query leaked passwords.&quot;)&#xD;&#xA;    End If&#xD;&#xA;&#xD;&#xA;    Dim result As String&#xD;&#xA;&#xD;&#xA;    Using client As WebClient = New WebClient()&#xD;&#xA;        Dim response As Byte()&#xD;&#xA;        response = client.UploadValues(url, New NameValueCollection() From {&#xD;&#xA;            {&quot;mode&quot;, &quot;search_leaked_password_with_userid&quot;},&#xD;&#xA;            {&quot;api_key&quot;, api_key},&#xD;&#xA;            {&quot;api_secret&quot;, api_secret},&#xD;&#xA;            {&quot;userid&quot;, userid}&#xD;&#xA;        })&#xD;&#xA;&#xD;&#xA;        result = Encoding.UTF8.GetString(response)&#xD;&#xA;    End Using&#xD;&#xA;&#xD;&#xA;    Dim jObject As JObject = JObject.Parse(result)&#xD;&#xA;&#xD;&#xA;    If jObject.GetValue(&quot;result&quot;).ToString() = &quot;succeeded&quot; Then&#xD;&#xA;        Dim ja As JArray = JArray.Parse(jObject.GetValue(&quot;passwords_encrypted&quot;).ToString())&#xD;&#xA;&#xD;&#xA;        For Each ob As Object In ja&#xD;&#xA;            Dim enc As String() = ob.ToString().Split(&quot;:&quot;c)&#xD;&#xA;            Dim plaintext As String = SDK_CredVerify_Decrypt(api_secret, enc(1), enc(0))&#xD;&#xA;            Dim len As Integer = plaintext.Length&#xD;&#xA;            If len = password.Length AndAlso plaintext(0) = password(0) AndAlso plaintext(len - 1) = password(len - 1) Then Return True&#xD;&#xA;        Next&#xD;&#xA;&#xD;&#xA;    Else&#xD;&#xA;        Throw New Exception(jObject.GetValue(&quot;reason&quot;).ToString())&#xD;&#xA;    End If&#xD;&#xA;&#xD;&#xA;    Return False&#xD;&#xA;End Function&#xD;&#xA;Public Function SDK_CredVerify_IsCompromised(ByVal api_key As String, ByVal api_secret As String, ByRef password As String) As Boolean&#xD;&#xA;    Dim url As String = &quot;https://api.vericlouds.com/index.php&quot;&#xD;&#xA;&#xD;&#xA;    If String.IsNullOrEmpty(password) Then&#xD;&#xA;        Throw New ArgumentNullException(&quot;password&quot;, &quot;Empty passwords cannot be used to query leaked passwords.&quot;)&#xD;&#xA;    End If&#xD;&#xA;&#xD;&#xA;    Dim result As String&#xD;&#xA;    Dim pwHash As String = Hash(password)&#xD;&#xA;&#xD;&#xA;    Using client As WebClient = New WebClient()&#xD;&#xA;        Dim response As Byte()&#xD;&#xA;&#xD;&#xA;        response = client.UploadValues(url, New NameValueCollection() From {&#xD;&#xA;                {&quot;mode&quot;, &quot;search_leaked_passwords_with_hash_segment&quot;},&#xD;&#xA;                {&quot;api_key&quot;, api_key},&#xD;&#xA;                {&quot;api_secret&quot;, api_secret},&#xD;&#xA;                {&quot;coverage&quot;, &quot;all_passwords&quot;},&#xD;&#xA;                {&quot;hash_segment&quot;, pwHash.Substring(0, 6)}&#xD;&#xA;            })&#xD;&#xA;&#xD;&#xA;        result = Encoding.UTF8.GetString(response)&#xD;&#xA;    End Using&#xD;&#xA;&#xD;&#xA;    Dim jObject As JObject = JObject.Parse(result)&#xD;&#xA;&#xD;&#xA;    If jObject.GetValue(&quot;result&quot;).ToString() = &quot;succeeded&quot; Then&#xD;&#xA;&#xD;&#xA;        Dim ja As JArray = JArray.Parse(jObject.GetValue(&quot;password_hashes&quot;).ToString())&#xD;&#xA;&#xD;&#xA;        ' Test SHA1-HASH of password against passwords in list´.&#xD;&#xA;        For Each ob As Object In ja&#xD;&#xA;            If ob.ToString().Equals(pwHash) Then Return True&#xD;&#xA;        Next&#xD;&#xA;&#xD;&#xA;    Else&#xD;&#xA;        Throw New Exception(jObject.GetValue(&quot;reason&quot;).ToString())&#xD;&#xA;    End If&#xD;&#xA;&#xD;&#xA;    Return False&#xD;&#xA;End Function&#xD;&#xA;&#xD;&#xA;Public Sub SDK_CredVerify_ValidatePassword(policy As VI.DB.Passwords.PasswordPolicy, spwd As System.Security.SecureString)&#xD;&#xA;	' Fetch API Key and API secret from custom configuration parameters.&#xD;&#xA;    Dim api_key As String = Session.Config.GetConfigParm(&quot;Custom\credVerify\APIKey&quot;)&#xD;&#xA;	Dim api_secret As String = Session.Config.GetConfigParm(&quot;Custom\credVerify\APISecret&quot;)&#xD;&#xA;	&#xD;&#xA;    ' Check if password is compromised&#xD;&#xA;    If SDK_CredVerify_IsCompromised(api_key, api_secret, spwd.ToInsecure()) Then&#xD;&#xA;        'Compromised&#xD;&#xA;        Throw New Exception(#LD(&quot;Password is compromised.&quot;)#)&#xD;&#xA;    End If&#xD;&#xA;&#xD;&#xA;End Sub&#xD;&#xA;&lt;/Value&gt;&#xD;&#xA;    &lt;/Column&gt;&#xD;&#xA;    &lt;Column Name=&quot;ScriptName&quot; Display=&quot;SDK_Vericlouds_CredVerify&quot;&gt;&#xD;&#xA;      &lt;Value&gt;SDK_Vericlouds_CredVerify&lt;/Value&gt;&#xD;&#xA;    &lt;/Column&gt;&#xD;&#xA;    &lt;Column Name=&quot;UID_DialogScript&quot; Display=&quot;CCC-3591021709A28741AE4D5DD42862A618&quot;&gt;&#xD;&#xA;      &lt;Value&gt;CCC-3591021709A28741AE4D5DD42862A618&lt;/Value&gt;&#xD;&#xA;    &lt;/Column&gt;&#xD;&#xA;    &lt;Column Name=&quot;XDateInserted&quot; Display=&quot;6/21/2019 11:46:56 AM&quot;&gt;&#xD;&#xA;      &lt;Value&gt;2019-06-21T09:46:56.6930000Z&lt;/Value&gt;&#xD;&#xA;    &lt;/Column&gt;&#xD;&#xA;    &lt;Column Name=&quot;XDateUpdated&quot; Display=&quot;6/24/2019 12:40:22 PM&quot;&gt;&#xD;&#xA;      &lt;Value&gt;2019-06-24T10:40:22.0200000Z&lt;/Value&gt;&#xD;&#xA;    &lt;/Column&gt;&#xD;&#xA;    &lt;Column Name=&quot;XMarkedForDeletion&quot;&gt;&#xD;&#xA;      &lt;Value&gt;0&lt;/Value&gt;&#xD;&#xA;    &lt;/Column&gt;&#xD;&#xA;    &lt;Column Name=&quot;XObjectKey&quot; Display=&quot;&amp;lt;Key&amp;gt;&amp;lt;T&amp;gt;DialogScript&amp;lt;/T&amp;gt;&amp;lt;P&amp;gt;CCC-3591021709A28741AE4D5DD42862A618&amp;lt;/P&amp;gt;&amp;lt;/Key&amp;gt;&quot;&gt;&#xD;&#xA;      &lt;Value&gt;&amp;lt;Key&amp;gt;&amp;lt;T&amp;gt;DialogScript&amp;lt;/T&amp;gt;&amp;lt;P&amp;gt;CCC-3591021709A28741AE4D5DD42862A618&amp;lt;/P&amp;gt;&amp;lt;/Key&amp;gt;&lt;/Value&gt;&#xD;&#xA;    &lt;/Column&gt;&#xD;&#xA;    &lt;Column Name=&quot;XTouched&quot;&gt;&#xD;&#xA;      &lt;Value&gt;&lt;/Value&gt;&#xD;&#xA;    &lt;/Column&gt;&#xD;&#xA;    &lt;Column Name=&quot;XUserInserted&quot; Display=&quot;PROD\mweisseh&quot;&gt;&#xD;&#xA;      &lt;Value&gt;PROD\mweisseh&lt;/Value&gt;&#xD;&#xA;    &lt;/Column&gt;&#xD;&#xA;    &lt;Column Name=&quot;XUserUpdated&quot; Display=&quot;viadmin&quot;&gt;&#xD;&#xA;      &lt;Value&gt;viadmin&lt;/Value&gt;&#xD;&#xA;    &lt;/Column&gt;&#xD;&#xA;  &lt;/Columns&gt;&#xD;&#xA;&lt;/DbObject&gt;">
               <Value>&lt;DbObject Display="SDK_Vericlouds_CredVerify" Version="2"&gt;
  &lt;Key&gt;
    &lt;Table Name="DialogScript" Display="SDK_Vericlouds_CredVerify" Key="CCC-3591021709A28741AE4D5DD42862A618"&gt;
      &lt;Prop Name="UID_DialogScript"&gt;
        &lt;Value&gt;CCC-3591021709A28741AE4D5DD42862A618&lt;/Value&gt;
      &lt;/Prop&gt;
    &lt;/Table&gt;
  &lt;/Key&gt;
  &lt;Columns&gt;
    &lt;Column Name="Description" Display="Password validation script and sample calls against CredVerify API from VeriClouds to check if a password is compromised."&gt;
      &lt;Value&gt;Password validation script and sample calls against CredVerify API from VeriClouds to check if a password is compromised.&lt;/Value&gt;
    &lt;/Column&gt;
    &lt;Column Name="IsLocked" Display="False"&gt;
      &lt;Value&gt;False&lt;/Value&gt;
    &lt;/Column&gt;
    &lt;Column Name="ScriptCode" Display="#If Not SCRIPTDEBUGGER Then&amp;#xD;&amp;#xA;    Imports Newtonsoft.Json.Linq&amp;#xD;&amp;#xA;    Imports System.Collections.Specialized&amp;#xD;&amp;#xA;    Imports System.IO&amp;#xD;&amp;#xA;    Imports System.Net&amp;#xD;&amp;#xA;    Imports System.Security.Cryptography&amp;#xD;&amp;#xA;#End If&amp;#xD;&amp;#xA;&amp;#xD;&amp;#xA;Private Shared Function StringToByteArray(ByVal hex As String) As Byte()&amp;#xD;&amp;#xA;    Return Enumerable.Range(0, hex.Length).Where(Function(x) x Mod 2 = 0).[Select](Function(x) Convert.ToByte(hex.Substring(x, 2), 16)).ToArray()&amp;#xD;&amp;#xA;End Function&amp;#xD;&amp;#xA;&amp;#xD;&amp;#xA;Private Shared Function ByteArrayToString(ByVal ba As Byte()) As String&amp;#xD;&amp;#xA;    Return BitConverter.ToString(ba).Replace(&amp;quot;-&amp;quot;, &amp;quot;&amp;quot;)&amp;#xD;&amp;#xA;End Function&amp;#xD;&amp;#xA;&amp;#xD;&amp;#xA;Private Shared Function Hash(ByVal stringToHash As String) As String&amp;#xD;&amp;#xA;    Using mySHA1 As SHA1 = SHA1.Create()&amp;#xD;&amp;#xA;        Return BitConverter.ToString(mySHA1.ComputeHash(Encoding.UTF8.GetBytes(stringToHash))).Replace(&amp;quot;-&amp;quot;, &amp;quot;&amp;quot;)&amp;#xD;&amp;#xA;    End Using&amp;#xD;&amp;#xA;End Function&amp;#xD;&amp;#xA;&amp;#xD;&amp;#xA;Private Function SDK_CredVerify_Decrypt(ByVal api_secret As String, ByVal iv As String, ByVal encry As String) As String&amp;#xD;&amp;#xA;    Using myAes As Aes = Aes.Create()&amp;#xD;&amp;#xA;        Dim decryptor As ICryptoTransform = myAes.CreateDecryptor(StringToByteArray(api_secret), StringToByteArray(iv))&amp;#xD;&amp;#xA;&amp;#xD;&amp;#xA;        Using msDecrypt As MemoryStream = New MemoryStream(StringToByteArray(encry))&amp;#xD;&amp;#xA;&amp;#xD;&amp;#xA;            Using csDecrypt As CryptoStream = New CryptoStream(msDecrypt, decryptor, CryptoStreamMode.Read)&amp;#xD;&amp;#xA;&amp;#xD;&amp;#xA;                Using srDecrypt As StreamReader = New StreamReader(csDecrypt)&amp;#xD;&amp;#xA;                    Return srDecrypt.ReadToEnd()&amp;#xD;&amp;#xA;                End Using&amp;#xD;&amp;#xA;            End Using&amp;#xD;&amp;#xA;        End Using&amp;#xD;&amp;#xA;    End Using&amp;#xD;&amp;#xA;End Function&amp;#xD;&amp;#xA;&amp;#xD;&amp;#xA;Public Function SDK_CredVerify_IsCompromised(ByVal api_key As String, ByVal api_secret As String, ByVal userid As String, ByVal password As String) As Boolean&amp;#xD;&amp;#xA;    Dim url As String = &amp;quot;https://api.vericlouds.com/index.php&amp;quot;&amp;#xD;&amp;#xA;&amp;#xD;&amp;#xA;    If String.IsNullOrEmpty(userid) Then&amp;#xD;&amp;#xA;        Throw New ArgumentNullException(&amp;quot;userid&amp;quot;, &amp;quot;An email address has to be specified to query leaked passwords.&amp;quot;)&amp;#xD;&amp;#xA;    End If&amp;#xD;&amp;#xA;&amp;#xD;&amp;#xA;    If String.IsNullOrEmpty(password) Then&amp;#xD;&amp;#xA;        Throw New ArgumentNullException(&amp;quot;password&amp;quot;, &amp;quot;Empty passwords cannot be used to query leaked passwords.&amp;quot;)&amp;#xD;&amp;#xA;    End If&amp;#xD;&amp;#xA;&amp;#xD;&amp;#xA;    Dim result As String&amp;#xD;&amp;#xA;&amp;#xD;&amp;#xA;    Using client As WebClient = New WebClient()&amp;#xD;&amp;#xA;        Dim response As Byte()&amp;#xD;&amp;#xA;        response = client.UploadValues(url, New NameValueCollection() From {&amp;#xD;&amp;#xA;            {&amp;quot;mode&amp;quot;, &amp;quot;search_leaked_password_with_userid&amp;quot;},&amp;#xD;&amp;#xA;            {&amp;quot;api_key&amp;quot;, api_key},&amp;#xD;&amp;#xA;            {&amp;quot;api_secret&amp;quot;, api_secret},&amp;#xD;&amp;#xA;            {&amp;quot;userid&amp;quot;, userid}&amp;#xD;&amp;#xA;        })&amp;#xD;&amp;#xA;&amp;#xD;&amp;#xA;        result = Encoding.UTF8.GetString(response)&amp;#xD;&amp;#xA;    End Using&amp;#xD;&amp;#xA;&amp;#xD;&amp;#xA;    Dim jObject As JObject = JObject.Parse(result)&amp;#xD;&amp;#xA;&amp;#xD;&amp;#xA;    If jObject.GetValue(&amp;quot;result&amp;quot;).ToString() = &amp;quot;succeeded&amp;quot; Then&amp;#xD;&amp;#xA;        Dim ja As JArray = JArray.Parse(jObject.GetValue(&amp;quot;passwords_encrypted&amp;quot;).ToString())&amp;#xD;&amp;#xA;&amp;#xD;&amp;#xA;        For Each ob As Object In ja&amp;#xD;&amp;#xA;            Dim enc As String() = ob.ToString().Split(&amp;quot;:&amp;quot;c)&amp;#xD;&amp;#xA;            Dim plaintext As String = SDK_CredVerify_Decrypt(api_secret, enc(1), enc(0))&amp;#xD;&amp;#xA;            Dim len As Integer = plaintext.Length&amp;#xD;&amp;#xA;            If len = password.Length AndAlso plaintext(0) = password(0) AndAlso plaintext(len - 1) = password(len - 1) Then Return True&amp;#xD;&amp;#xA;        Next&amp;#xD;&amp;#xA;&amp;#xD;&amp;#xA;    Else&amp;#xD;&amp;#xA;        Throw New Exception(jObject.GetValue(&amp;quot;reason&amp;quot;).ToString())&amp;#xD;&amp;#xA;    End If&amp;#xD;&amp;#xA;&amp;#xD;&amp;#xA;    Return False&amp;#xD;&amp;#xA;End Function&amp;#xD;&amp;#xA;Public Function SDK_CredVerify_IsCompromised(ByVal api_key As String, ByVal api_secret As String, ByRef password As String) As Boolean&amp;#xD;&amp;#xA;    Dim url As String = &amp;quot;https://api.vericlouds.com/index.php&amp;quot;&amp;#xD;&amp;#xA;&amp;#xD;&amp;#xA;    If String.IsNullOrEmpty(password) Then&amp;#xD;&amp;#xA;        Throw New ArgumentNullException(&amp;quot;password&amp;quot;, &amp;quot;Empty passwords cannot be used to query leaked passwords.&amp;quot;)&amp;#xD;&amp;#xA;    End If&amp;#xD;&amp;#xA;&amp;#xD;&amp;#xA;    Dim result As String&amp;#xD;&amp;#xA;    Dim pwHash As String = Hash(password)&amp;#xD;&amp;#xA;&amp;#xD;&amp;#xA;    Using client As WebClient = New WebClient()&amp;#xD;&amp;#xA;        Dim response As Byte()&amp;#xD;&amp;#xA;&amp;#xD;&amp;#xA;        response = client.UploadValues(url, New NameValueCollection() From {&amp;#xD;&amp;#xA;                {&amp;quot;mode&amp;quot;, &amp;quot;search_leaked_passwords_with_hash_segment&amp;quot;},&amp;#xD;&amp;#xA;                {&amp;quot;api_key&amp;quot;, api_key},&amp;#xD;&amp;#xA;                {&amp;quot;api_secret&amp;quot;, api_secret},&amp;#xD;&amp;#xA;                {&amp;quot;coverage&amp;quot;, &amp;quot;all_passwords&amp;quot;},&amp;#xD;&amp;#xA;                {&amp;quot;hash_segment&amp;quot;, pwHash.Substring(0, 6)}&amp;#xD;&amp;#xA;            })&amp;#xD;&amp;#xA;&amp;#xD;&amp;#xA;        result = Encoding.UTF8.GetString(response)&amp;#xD;&amp;#xA;    End Using&amp;#xD;&amp;#xA;&amp;#xD;&amp;#xA;    Dim jObject As JObject = JObject.Parse(result)&amp;#xD;&amp;#xA;&amp;#xD;&amp;#xA;    If jObject.GetValue(&amp;quot;result&amp;quot;).ToString() = &amp;quot;succeeded&amp;quot; Then&amp;#xD;&amp;#xA;&amp;#xD;&amp;#xA;        Dim ja As JArray = JArray.Parse(jObject.GetValue(&amp;quot;password_hashes&amp;quot;).ToString())&amp;#xD;&amp;#xA;&amp;#xD;&amp;#xA;        ' Test SHA1-HASH of password against passwords in list´.&amp;#xD;&amp;#xA;        For Each ob As Object In ja&amp;#xD;&amp;#xA;            If ob.ToString().Equals(pwHash) Then Return True&amp;#xD;&amp;#xA;        Next&amp;#xD;&amp;#xA;&amp;#xD;&amp;#xA;    Else&amp;#xD;&amp;#xA;        Throw New Exception(jObject.GetValue(&amp;quot;reason&amp;quot;).ToString())&amp;#xD;&amp;#xA;    End If&amp;#xD;&amp;#xA;&amp;#xD;&amp;#xA;    Return False&amp;#xD;&amp;#xA;End Function&amp;#xD;&amp;#xA;&amp;#xD;&amp;#xA;Public Sub SDK_CredVerify_ValidatePassword(policy As VI.DB.Passwords.PasswordPolicy, spwd As System.Security.SecureString)&amp;#xD;&amp;#xA;&amp;#x9;' Fetch API Key and API secret from custom configuration parameters.&amp;#xD;&amp;#xA;    Dim api_key As String = Session.Config.GetConfigParm(&amp;quot;Custom\credVerify\APIKey&amp;quot;)&amp;#xD;&amp;#xA;&amp;#x9;Dim api_secret As String = Session.Config.GetConfigParm(&amp;quot;Custom\credVerify\APISecret&amp;quot;)&amp;#xD;&amp;#xA;&amp;#x9;&amp;#xD;&amp;#xA;    ' Check if password is compromised&amp;#xD;&amp;#xA;    If SDK_CredVerify_IsCompromised(api_key, api_secret, spwd.ToInsecure()) Then&amp;#xD;&amp;#xA;        'Compromised&amp;#xD;&amp;#xA;        Throw New Exception(#LD(&amp;quot;Password is compromised.&amp;quot;)#)&amp;#xD;&amp;#xA;    End If&amp;#xD;&amp;#xA;&amp;#xD;&amp;#xA;End Sub&amp;#xD;&amp;#xA;"&gt;
      &lt;Value&gt;#If Not SCRIPTDEBUGGER Then
    Imports Newtonsoft.Json.Linq
    Imports System.Collections.Specialized
    Imports System.IO
    Imports System.Net
    Imports System.Security.Cryptography
#End If

Private Shared Function StringToByteArray(ByVal hex As String) As Byte()
    Return Enumerable.Range(0, hex.Length).Where(Function(x) x Mod 2 = 0).[Select](Function(x) Convert.ToByte(hex.Substring(x, 2), 16)).ToArray()
End Function

Private Shared Function ByteArrayToString(ByVal ba As Byte()) As String
    Return BitConverter.ToString(ba).Replace("-", "")
End Function

Private Shared Function Hash(ByVal stringToHash As String) As String
    Using mySHA1 As SHA1 = SHA1.Create()
        Return BitConverter.ToString(mySHA1.ComputeHash(Encoding.UTF8.GetBytes(stringToHash))).Replace("-", "")
    End Using
End Function

Private Function SDK_CredVerify_Decrypt(ByVal api_secret As String, ByVal iv As String, ByVal encry As String) As String
    Using myAes As Aes = Aes.Create()
        Dim decryptor As ICryptoTransform = myAes.CreateDecryptor(StringToByteArray(api_secret), StringToByteArray(iv))

        Using msDecrypt As MemoryStream = New MemoryStream(StringToByteArray(encry))

            Using csDecrypt As CryptoStream = New CryptoStream(msDecrypt, decryptor, CryptoStreamMode.Read)

                Using srDecrypt As StreamReader = New StreamReader(csDecrypt)
                    Return srDecrypt.ReadToEnd()
                End Using
            End Using
        End Using
    End Using
End Function

Public Function SDK_CredVerify_IsCompromised(ByVal api_key As String, ByVal api_secret As String, ByVal userid As String, ByVal password As String) As Boolean
    Dim url As String = "https://api.vericlouds.com/index.php"

    If String.IsNullOrEmpty(userid) Then
        Throw New ArgumentNullException("userid", "An email address has to be specified to query leaked passwords.")
    End If

    If String.IsNullOrEmpty(password) Then
        Throw New ArgumentNullException("password", "Empty passwords cannot be used to query leaked passwords.")
    End If

    Dim result As String

    Using client As WebClient = New WebClient()
        Dim response As Byte()
        response = client.UploadValues(url, New NameValueCollection() From {
            {"mode", "search_leaked_password_with_userid"},
            {"api_key", api_key},
            {"api_secret", api_secret},
            {"userid", userid}
        })

        result = Encoding.UTF8.GetString(response)
    End Using

    Dim jObject As JObject = JObject.Parse(result)

    If jObject.GetValue("result").ToString() = "succeeded" Then
        Dim ja As JArray = JArray.Parse(jObject.GetValue("passwords_encrypted").ToString())

        For Each ob As Object In ja
            Dim enc As String() = ob.ToString().Split(":"c)
            Dim plaintext As String = SDK_CredVerify_Decrypt(api_secret, enc(1), enc(0))
            Dim len As Integer = plaintext.Length
            If len = password.Length AndAlso plaintext(0) = password(0) AndAlso plaintext(len - 1) = password(len - 1) Then Return True
        Next

    Else
        Throw New Exception(jObject.GetValue("reason").ToString())
    End If

    Return False
End Function
Public Function SDK_CredVerify_IsCompromised(ByVal api_key As String, ByVal api_secret As String, ByRef password As String) As Boolean
    Dim url As String = "https://api.vericlouds.com/index.php"

    If String.IsNullOrEmpty(password) Then
        Throw New ArgumentNullException("password", "Empty passwords cannot be used to query leaked passwords.")
    End If

    Dim result As String
    Dim pwHash As String = Hash(password)

    Using client As WebClient = New WebClient()
        Dim response As Byte()

        response = client.UploadValues(url, New NameValueCollection() From {
                {"mode", "search_leaked_passwords_with_hash_segment"},
                {"api_key", api_key},
                {"api_secret", api_secret},
                {"coverage", "all_passwords"},
                {"hash_segment", pwHash.Substring(0, 6)}
            })

        result = Encoding.UTF8.GetString(response)
    End Using

    Dim jObject As JObject = JObject.Parse(result)

    If jObject.GetValue("result").ToString() = "succeeded" Then

        Dim ja As JArray = JArray.Parse(jObject.GetValue("password_hashes").ToString())

        ' Test SHA1-HASH of password against passwords in list´.
        For Each ob As Object In ja
            If ob.ToString().Equals(pwHash) Then Return True
        Next

    Else
        Throw New Exception(jObject.GetValue("reason").ToString())
    End If

    Return False
End Function

Public Sub SDK_CredVerify_ValidatePassword(policy As VI.DB.Passwords.PasswordPolicy, spwd As System.Security.SecureString)
	' Fetch API Key and API secret from custom configuration parameters.
    Dim api_key As String = Session.Config.GetConfigParm("Custom\credVerify\APIKey")
	Dim api_secret As String = Session.Config.GetConfigParm("Custom\credVerify\APISecret")
	
    ' Check if password is compromised
    If SDK_CredVerify_IsCompromised(api_key, api_secret, spwd.ToInsecure()) Then
        'Compromised
        Throw New Exception(#LD("Password is compromised.")#)
    End If

End Sub
&lt;/Value&gt;
    &lt;/Column&gt;
    &lt;Column Name="ScriptName" Display="SDK_Vericlouds_CredVerify"&gt;
      &lt;Value&gt;SDK_Vericlouds_CredVerify&lt;/Value&gt;
    &lt;/Column&gt;
    &lt;Column Name="UID_DialogScript" Display="CCC-3591021709A28741AE4D5DD42862A618"&gt;
      &lt;Value&gt;CCC-3591021709A28741AE4D5DD42862A618&lt;/Value&gt;
    &lt;/Column&gt;
    &lt;Column Name="XDateInserted" Display="6/21/2019 11:46:56 AM"&gt;
      &lt;Value&gt;2019-06-21T09:46:56.6930000Z&lt;/Value&gt;
    &lt;/Column&gt;
    &lt;Column Name="XDateUpdated" Display="6/24/2019 12:40:22 PM"&gt;
      &lt;Value&gt;2019-06-24T10:40:22.0200000Z&lt;/Value&gt;
    &lt;/Column&gt;
    &lt;Column Name="XMarkedForDeletion"&gt;
      &lt;Value&gt;0&lt;/Value&gt;
    &lt;/Column&gt;
    &lt;Column Name="XObjectKey" Display="&amp;lt;Key&amp;gt;&amp;lt;T&amp;gt;DialogScript&amp;lt;/T&amp;gt;&amp;lt;P&amp;gt;CCC-3591021709A28741AE4D5DD42862A618&amp;lt;/P&amp;gt;&amp;lt;/Key&amp;gt;"&gt;
      &lt;Value&gt;&amp;lt;Key&amp;gt;&amp;lt;T&amp;gt;DialogScript&amp;lt;/T&amp;gt;&amp;lt;P&amp;gt;CCC-3591021709A28741AE4D5DD42862A618&amp;lt;/P&amp;gt;&amp;lt;/Key&amp;gt;&lt;/Value&gt;
    &lt;/Column&gt;
    &lt;Column Name="XTouched"&gt;
      &lt;Value&gt;&lt;/Value&gt;
    &lt;/Column&gt;
    &lt;Column Name="XUserInserted" Display="PROD\mweisseh"&gt;
      &lt;Value&gt;PROD\mweisseh&lt;/Value&gt;
    &lt;/Column&gt;
    &lt;Column Name="XUserUpdated" Display="viadmin"&gt;
      &lt;Value&gt;viadmin&lt;/Value&gt;
    &lt;/Column&gt;
  &lt;/Columns&gt;
&lt;/DbObject&gt;</Value>
            </Column>
            <Column Name="ObjectKey" Display="&lt;Key&gt;&lt;T&gt;DialogScript&lt;/T&gt;&lt;P&gt;CCC-3591021709A28741AE4D5DD42862A618&lt;/P&gt;&lt;/Key&gt;">
               <Value>&lt;Key&gt;&lt;T&gt;DialogScript&lt;/T&gt;&lt;P&gt;CCC-3591021709A28741AE4D5DD42862A618&lt;/P&gt;&lt;/Key&gt;</Value>
            </Column>
            <Column Name="SortOrder" Display="1833793194360843">
               <Value>1833793194360843</Value>
            </Column>
            <Column Name="UID_DialogTag" Display="CCC-79DAC2742779FC4F93A7C9F1EDDDF921">
               <Key>
                  <Table Name="DialogTag" Display="VeriClouds CredVerify" Key="CCC-79DAC2742779FC4F93A7C9F1EDDDF921">
                     <Prop Name="UID_DialogTag">
                        <Value>CCC-79DAC2742779FC4F93A7C9F1EDDDF921</Value>
                     </Prop>
                  </Table>
               </Key>
            </Column>
            <Column Name="UID_QBMTaggedChange" Display="CCC-A6F166287D29FA44A365B95E02DA0199">
               <Value>CCC-A6F166287D29FA44A365B95E02DA0199</Value>
            </Column>
            <Column Name="XDateInserted" Display="6/24/2019 12:42:03 PM">
               <Value>2019-06-24T10:42:03.0800000Z</Value>
            </Column>
            <Column Name="XDateUpdated" Display="6/24/2019 12:42:03 PM">
               <Value>2019-06-24T10:42:03.0800000Z</Value>
            </Column>
            <Column Name="XMarkedForDeletion">
               <Value>0</Value>
            </Column>
            <Column Name="XObjectKey" Display="&lt;Key&gt;&lt;T&gt;QBMTaggedChange&lt;/T&gt;&lt;P&gt;CCC-A6F166287D29FA44A365B95E02DA0199&lt;/P&gt;&lt;/Key&gt;">
               <Value>&lt;Key&gt;&lt;T&gt;QBMTaggedChange&lt;/T&gt;&lt;P&gt;CCC-A6F166287D29FA44A365B95E02DA0199&lt;/P&gt;&lt;/Key&gt;</Value>
            </Column>
            <Column Name="XTouched">
               <Value />
            </Column>
            <Column Name="XUserInserted" Display="viadmin">
               <Value>viadmin</Value>
            </Column>
            <Column Name="XUserUpdated" Display="viadmin">
               <Value>viadmin</Value>
            </Column>
         </Columns>
      </DbObject>
   </DbObjects>
</Container>