<DBTransporter Version="3.0">
  <Header>
    <Parameter Name="Display">iams01.iam.local\D1IM71</Parameter>
    <Parameter Name="Edition">STE</Parameter>
    <Parameter Name="Version">8.1</Parameter>
    <Parameter Name="DBSystem">MSSQL</Parameter>
    <Parameter Name="DBServer">IAMS01</Parameter>
    <Parameter Name="DBName">D1IM71</Parameter>
    <Parameter Name="UserDisplay">PROD\mweisseh</Parameter>
    <Parameter Name="UserName">PROD\mweisseh</Parameter>
    <Parameter Name="ExportDate">2019-06-24 13:14:16</Parameter>
    <Parameter Name="Description">Password validation script and sample calls against CredVerify API from VeriClouds to check if a password is compromised.</Parameter>
    <Parameter Name="Parts">Common</Parameter>
    <Parameter Name="Modules">CCC,QBM</Parameter>
  </Header>
  <Tasks>
    <Task Class="VI.Transport.TagTransport, VI.Transport" Display="TagTransport">
      <Parameter Name="Costs">S0|C6|D0</Parameter>
      <Parameter Name="TaskPath">TagTransport</Parameter>
      <Parameter Name="LockTags">True</Parameter>
      <Parameter Name="UseRelations">True</Parameter>
    </Task>
  </Tasks>
  <Modules>
    <Module Id="CCC" Name="Customer configured content" Version="8.1.1.88" />
    <Module Id="QBM" Name="Configuration Module" Version="8.1.1.88" />
  </Modules>
</DBTransporter>